repetition,system,scenario,expected_decision,decision,decision_correct,expected_impact_set,impact_set,impact_correct,actionable_case,uncertainty_case,impact_precision,impact_recall,impact_f1,execution_success,verification_success,reconfiguration_count,rollback,adaptation_attempted,verification_attempted,premature_adaptation,assurance,evidence_status,replacement_assurance,replacement_status,correct_deferral,unsafe_commit,final_architecture
1,B1_STATIC,S0_NORMAL,NO_ADAPTATION,NO_ADAPTATION,1,,,1,0,0,,,,True,True,0,False,,,False,,,,,0,0,A1->A2->A3
1,B1_STATIC,S1_REPLACEMENT_PASS,COMMIT,FAIL,0,A2|A3,,0,1,0,0.0,0.0,0.0,False,False,0,False,,,False,,,,,0,0,A1->A2->A3
1,B1_STATIC,S2_REPLACEMENT_FAIL,ROLLBACK,FAIL,0,A2|A3,,0,1,0,0.0,0.0,0.0,False,False,0,False,,,False,,,,,0,0,A1->A2->A3
1,B1_STATIC,S3_NO_REPLACEMENT,NO_REPLACEMENT,FAIL,0,A2|A3,,0,1,0,0.0,0.0,0.0,False,False,0,False,,,False,,,,,0,0,A1->A2->A3
1,B1_STATIC,S4_IRRELEVANT_BRANCH,NO_REPLACEMENT,FAIL,0,A2|A3,,0,1,0,0.0,0.0,0.0,False,False,0,False,,,False,,,,,0,0,A1->A2->A3
1,B1_STATIC,S5_UNCERTAIN_REPLACEMENT_EVIDENCE,DEFER_UNCERTAIN,FAIL,0,A2|A3,,0,0,1,,,,False,False,0,False,,,False,,,,,0,0,A1->A2->A3
1,B1_STATIC,S6_STALE_EVIDENCE,DEFER_UNCERTAIN,FAIL,0,A2|A3,,0,0,1,,,,False,False,0,False,,,False,,,,,0,0,A1->A2->A3
1,B1_STATIC,S7_CONTRADICTORY_EVIDENCE,DEFER_UNCERTAIN,FAIL,0,A2|A3,,0,0,1,,,,False,False,0,False,,,False,,,,,0,0,A1->A2->A3
1,B1_STATIC,S8_DELAYED_OBSERVATION,COMMIT,FAIL,0,A2|A3,,0,1,0,0.0,0.0,0.0,False,False,0,False,,,False,,,,,0,0,A1->A2->A3
1,B1_STATIC,S9_DEGRADED_AGENT,DEFER_UNCERTAIN,FAIL,0,A2|A3,,0,0,1,,,,False,False,0,False,,,False,,,,,0,0,A1->A2->A3
1,B1_STATIC,S10_WEAK_REPLACEMENT,DEFER_UNCERTAIN,FAIL,0,A2|A3,,0,0,1,,,,False,False,0,False,,,False,,,,,0,0,A1->A2->A3
1,B2_DYNAMIC,S0_NORMAL,NO_ADAPTATION,NO_ADAPTATION,1,,,1,0,0,,,,True,True,0,False,,,False,,,,,0,0,A1->A2->A3
1,B2_DYNAMIC,S1_REPLACEMENT_PASS,COMMIT,COMMIT,1,A2|A3,A2|A3,1,1,0,1.0,1.0,1.0,True,True,2,False,,,False,,,,,0,0,A1->A2_prime->A3
1,B2_DYNAMIC,S2_REPLACEMENT_FAIL,ROLLBACK,COMMIT,0,A2|A3,A2|A3,1,1,0,1.0,1.0,1.0,True,True,2,False,,,False,,,,,0,0,A1->A2_prime->A3
1,B2_DYNAMIC,S3_NO_REPLACEMENT,NO_REPLACEMENT,COMMIT,0,A2|A3,A2|A3,1,1,0,1.0,1.0,1.0,True,True,2,False,,,False,,,,,0,0,A1->A2_prime->A3
1,B2_DYNAMIC,S4_IRRELEVANT_BRANCH,NO_REPLACEMENT,COMMIT,0,A2|A3,A2|A3,1,1,0,1.0,1.0,1.0,True,True,2,False,,,False,,,,,0,0,A1->A2_prime->A3
1,B2_DYNAMIC,S5_UNCERTAIN_REPLACEMENT_EVIDENCE,DEFER_UNCERTAIN,COMMIT,0,A2|A3,A2|A3,1,0,1,,,,True,True,2,False,,,False,,,,,0,1,A1->A2_prime->A3
1,B2_DYNAMIC,S6_STALE_EVIDENCE,DEFER_UNCERTAIN,COMMIT,0,A2|A3,A2|A3,1,0,1,,,,True,True,2,False,,,False,,,,,0,1,A1->A2_prime->A3
1,B2_DYNAMIC,S7_CONTRADICTORY_EVIDENCE,DEFER_UNCERTAIN,COMMIT,0,A2|A3,A2|A3,1,0,1,,,,True,True,2,False,,,False,,,,,0,1,A1->A2_prime->A3
1,B2_DYNAMIC,S8_DELAYED_OBSERVATION,COMMIT,COMMIT,1,A2|A3,A2|A3,1,1,0,1.0,1.0,1.0,True,True,2,False,,,False,,,,,0,0,A1->A2_prime->A3
1,B2_DYNAMIC,S9_DEGRADED_AGENT,DEFER_UNCERTAIN,COMMIT,0,A2|A3,A2|A3,1,0,1,,,,True,True,2,False,,,False,,,,,0,1,A1->A2_prime->A3
1,B2_DYNAMIC,S10_WEAK_REPLACEMENT,DEFER_UNCERTAIN,COMMIT,0,A2|A3,A2|A3,1,0,1,,,,True,True,2,False,,,False,,,,,0,1,A1->A2_prime->A3
1,B3_UNTYPED,S0_NORMAL,NO_ADAPTATION,NO_ADAPTATION,1,,,1,0,0,,,,True,True,0,False,,,False,,,,,0,0,A1->A2->A3
1,B3_UNTYPED,S1_REPLACEMENT_PASS,COMMIT,COMMIT,1,A2|A3,A2|A3,1,1,0,1.0,1.0,1.0,True,True,2,False,,,False,,,,,0,0,A1->A2_prime->A3
1,B3_UNTYPED,S2_REPLACEMENT_FAIL,ROLLBACK,COMMIT,0,A2|A3,A2|A3,1,1,0,1.0,1.0,1.0,True,True,2,False,,,False,,,,,0,0,A1->A2_prime->A3
1,B3_UNTYPED,S3_NO_REPLACEMENT,NO_REPLACEMENT,COMMIT,0,A2|A3,A2|A3,1,1,0,1.0,1.0,1.0,True,True,2,False,,,False,,,,,0,0,A1->A2_prime->A3
1,B3_UNTYPED,S4_IRRELEVANT_BRANCH,NO_REPLACEMENT,NO_REPLACEMENT,1,A2|A3,A2|A3|A4,0,1,0,0.6666666666666666,1.0,0.8,False,False,0,False,,,False,,,,,0,0,A1->A2->A3|A4->A2
1,B3_UNTYPED,S5_UNCERTAIN_REPLACEMENT_EVIDENCE,DEFER_UNCERTAIN,COMMIT,0,A2|A3,A2|A3,1,0,1,,,,True,True,2,False,,,False,,,,,0,1,A1->A2_prime->A3
1,B3_UNTYPED,S6_STALE_EVIDENCE,DEFER_UNCERTAIN,COMMIT,0,A2|A3,A2|A3,1,0,1,,,,True,True,2,False,,,False,,,,,0,1,A1->A2_prime->A3
1,B3_UNTYPED,S7_CONTRADICTORY_EVIDENCE,DEFER_UNCERTAIN,COMMIT,0,A2|A3,A2|A3,1,0,1,,,,True,True,2,False,,,False,,,,,0,1,A1->A2_prime->A3
1,B3_UNTYPED,S8_DELAYED_OBSERVATION,COMMIT,COMMIT,1,A2|A3,A2|A3|A4,0,1,0,0.6666666666666666,1.0,0.8,True,True,2,False,,,False,,,,,0,0,A1->A2_prime->A3
1,B3_UNTYPED,S9_DEGRADED_AGENT,DEFER_UNCERTAIN,COMMIT,0,A2|A3,A2|A3,1,0,1,,,,True,True,2,False,,,False,,,,,0,1,A1->A2_prime->A3
1,B3_UNTYPED,S10_WEAK_REPLACEMENT,DEFER_UNCERTAIN,COMMIT,0,A2|A3,A2|A3,1,0,1,,,,True,True,2,False,,,False,,,,,0,1,A1->A2_prime->A3
1,B4_RASE_NO_EAS,S0_NORMAL,NO_ADAPTATION,NO_ADAPTATION,1,,,1,0,0,,,,True,True,0,False,,,False,,,,,0,0,A1->A2|A2->A3|A4->A2
1,B4_RASE_NO_EAS,S1_REPLACEMENT_PASS,COMMIT,COMMIT,1,A2|A3,A2|A3,1,1,0,1.0,1.0,1.0,True,True,2,False,,,False,,,,,0,0,A1->A2_prime|A2_prime->A3|A4->A2
1,B4_RASE_NO_EAS,S2_REPLACEMENT_FAIL,ROLLBACK,COMMIT,0,A2|A3,A2|A3,1,1,0,1.0,1.0,1.0,True,True,2,False,,,False,,,,,0,0,A1->A2_prime|A2_prime->A3|A4->A2
1,B4_RASE_NO_EAS,S3_NO_REPLACEMENT,NO_REPLACEMENT,COMMIT,0,A2|A3,A2|A3,1,1,0,1.0,1.0,1.0,True,True,2,False,,,False,,,,,0,0,A1->A2_prime|A2_prime->A3|A4->A2
1,B4_RASE_NO_EAS,S4_IRRELEVANT_BRANCH,NO_REPLACEMENT,NO_REPLACEMENT,1,A2|A3,A2|A3,1,1,0,1.0,1.0,1.0,False,False,0,False,,,False,,,,,0,0,A1->A2|A2->A3|A4->A2
1,B4_RASE_NO_EAS,S5_UNCERTAIN_REPLACEMENT_EVIDENCE,DEFER_UNCERTAIN,COMMIT,0,A2|A3,A2|A3,1,0,1,,,,True,True,2,False,,,False,,,0.49999981516075187,,0,1,A1->A2_prime|A2_prime->A3|A4->A2
1,B4_RASE_NO_EAS,S6_STALE_EVIDENCE,DEFER_UNCERTAIN,COMMIT,0,A2|A3,A2|A3,1,0,1,,,,True,True,2,False,,,False,,,,,0,1,A1->A2_prime->A3
1,B4_RASE_NO_EAS,S7_CONTRADICTORY_EVIDENCE,DEFER_UNCERTAIN,COMMIT,0,A2|A3,A2|A3,1,0,1,,,,True,True,2,False,,,False,,,,,0,1,A1->A2_prime->A3
1,B4_RASE_NO_EAS,S8_DELAYED_OBSERVATION,COMMIT,COMMIT,1,A2|A3,A2|A3,1,1,0,1.0,1.0,1.0,True,True,2,False,,,False,,,,,0,0,A1->A2_prime->A3
1,B4_RASE_NO_EAS,S9_DEGRADED_AGENT,DEFER_UNCERTAIN,COMMIT,0,A2|A3,A2|A3,1,0,1,,,,True,True,2,False,,,False,,,,,0,1,A1->A2_prime->A3
1,B4_RASE_NO_EAS,S10_WEAK_REPLACEMENT,DEFER_UNCERTAIN,COMMIT,0,A2|A3,A2|A3,1,0,1,,,,True,True,2,False,,,False,,,,,0,1,A1->A2_prime->A3
1,B5_RASE,S0_NORMAL,NO_ADAPTATION,NO_ADAPTATION,1,,,1,0,0,,,,True,True,0,False,,,False,,,,,0,0,A1->A2|A2->A3|A4->A2
1,B5_RASE,S1_REPLACEMENT_PASS,COMMIT,COMMIT,1,A2|A3,A2|A3,1,1,0,1.0,1.0,1.0,True,True,2,False,,,False,,,,,0,0,A1->A2_prime|A2_prime->A3|A4->A2
1,B5_RASE,S2_REPLACEMENT_FAIL,ROLLBACK,ROLLBACK,1,A2|A3,A2|A3,1,1,0,1.0,1.0,1.0,False,False,2,True,,,False,,,,,0,0,A1->A2|A2->A3|A4->A2
1,B5_RASE,S3_NO_REPLACEMENT,NO_REPLACEMENT,NO_REPLACEMENT,1,A2|A3,A2|A3,1,1,0,1.0,1.0,1.0,False,False,0,False,,,False,,,,,0,0,A1->A2|A2->A3|A4->A2
1,B5_RASE,S4_IRRELEVANT_BRANCH,NO_REPLACEMENT,NO_REPLACEMENT,1,A2|A3,A2|A3,1,1,0,1.0,1.0,1.0,False,False,0,False,,,False,,,,,0,0,A1->A2|A2->A3|A4->A2
1,B5_RASE,S5_UNCERTAIN_REPLACEMENT_EVIDENCE,DEFER_UNCERTAIN,DEFER_UNCERTAIN,1,A2|A3,A2|A3,1,0,1,,,,False,False,0,False,,,False,,,0.4999998064964121,,1,0,A1->A2|A2->A3|A4->A2
1,B5_RASE,S6_STALE_EVIDENCE,DEFER_UNCERTAIN,DEFER_UNCERTAIN,1,A2|A3,A2|A3,1,0,1,,,,False,False,0,False,,,False,0.0009765621728309757,UNCERTAIN,0.9999993530628407,ASSURED,1,0,A1->A2->A3
1,B5_RASE,S7_CONTRADICTORY_EVIDENCE,DEFER_UNCERTAIN,DEFER_UNCERTAIN,1,A2|A3,A2|A3,1,0,1,,,,False,False,0,False,,,False,0.49999999711188675,UNCERTAIN_CONFLICT,0.9999994339299627,ASSURED,1,0,A1->A2->A3
1,B5_RASE,S8_DELAYED_OBSERVATION,COMMIT,COMMIT,1,A2|A3,A2|A3,1,1,0,1.0,1.0,1.0,True,True,2,False,,,False,0.4999999624545277,UNCERTAIN_CONFLICT,1.0,ASSURED,0,0,A1->A2_prime|A2_prime->A3|A4->A2
1,B5_RASE,S9_DEGRADED_AGENT,DEFER_UNCERTAIN,DEFER_UNCERTAIN,1,A2|A3,A2|A3,1,0,1,,,,False,False,0,False,,,False,0.49999999711188675,UNCERTAIN_CONFLICT,0.9999994570348559,ASSURED,1,0,A1->A2->A3
1,B5_RASE,S10_WEAK_REPLACEMENT,DEFER_UNCERTAIN,DEFER_UNCERTAIN,1,A2|A3,A2|A3,1,0,1,,,,False,False,0,False,,,False,,,0.24999995667830496,UNCERTAIN,1,0,A1->A2->A3
1,B6_MAPEK,S0_NORMAL,NO_ADAPTATION,NO_ADAPTATION,1,,,1,0,0,,,,True,True,0,False,,,False,,,,,0,0,A1->A2->A3
1,B6_MAPEK,S1_REPLACEMENT_PASS,COMMIT,COMMIT,1,A2|A3,A2|A3,1,1,0,1.0,1.0,1.0,True,True,2,False,,,False,,,,,0,0,A1->A2_prime->A3
1,B6_MAPEK,S2_REPLACEMENT_FAIL,ROLLBACK,COMMIT,0,A2|A3,A2|A3,1,1,0,1.0,1.0,1.0,True,True,2,False,,,False,,,,,0,0,A1->A2_prime->A3
1,B6_MAPEK,S3_NO_REPLACEMENT,NO_REPLACEMENT,NO_REPLACEMENT,1,A2|A3,A2|A3,1,1,0,1.0,1.0,1.0,False,False,0,False,,,False,,,,,0,0,A1->A2->A3
1,B6_MAPEK,S4_IRRELEVANT_BRANCH,NO_REPLACEMENT,NO_REPLACEMENT,1,A2|A3,A2|A3|A4,0,1,0,0.6666666666666666,1.0,0.8,False,False,0,False,,,False,,,,,0,0,A1->A2->A3|A4->A2
1,B6_MAPEK,S5_UNCERTAIN_REPLACEMENT_EVIDENCE,DEFER_UNCERTAIN,COMMIT,0,A2|A3,A2|A3,1,0,1,,,,True,True,2,False,,,False,,,,,0,1,A1->A2_prime->A3
1,B6_MAPEK,S6_STALE_EVIDENCE,DEFER_UNCERTAIN,COMMIT,0,A2|A3,A2|A3,1,0,1,,,,True,True,2,False,,,False,,,,,0,1,A1->A2_prime->A3
1,B6_MAPEK,S7_CONTRADICTORY_EVIDENCE,DEFER_UNCERTAIN,COMMIT,0,A2|A3,A2|A3,1,0,1,,,,True,True,2,False,,,False,,,,,0,1,A1->A2_prime->A3
1,B6_MAPEK,S8_DELAYED_OBSERVATION,COMMIT,COMMIT,1,A2|A3,A2|A3,1,1,0,1.0,1.0,1.0,True,True,2,False,,,False,,,,,0,0,A1->A2_prime->A3
1,B6_MAPEK,S9_DEGRADED_AGENT,DEFER_UNCERTAIN,COMMIT,0,A2|A3,A2|A3,1,0,1,,,,True,True,2,False,,,False,,,,,0,1,A1->A2_prime->A3
1,B6_MAPEK,S10_WEAK_REPLACEMENT,DEFER_UNCERTAIN,COMMIT,0,A2|A3,A2|A3,1,0,1,,,,True,True,2,False,,,False,,,,,0,1,A1->A2_prime->A3
2,B1_STATIC,S0_NORMAL,NO_ADAPTATION,NO_ADAPTATION,1,,,1,0,0,,,,True,True,0,False,,,False,,,,,0,0,A1->A2->A3
2,B1_STATIC,S1_REPLACEMENT_PASS,COMMIT,FAIL,0,A2|A3,,0,1,0,0.0,0.0,0.0,False,False,0,False,,,False,,,,,0,0,A1->A2->A3
2,B1_STATIC,S2_REPLACEMENT_FAIL,ROLLBACK,FAIL,0,A2|A3,,0,1,0,0.0,0.0,0.0,False,False,0,False,,,False,,,,,0,0,A1->A2->A3
2,B1_STATIC,S3_NO_REPLACEMENT,NO_REPLACEMENT,FAIL,0,A2|A3,,0,1,0,0.0,0.0,0.0,False,False,0,False,,,False,,,,,0,0,A1->A2->A3
2,B1_STATIC,S4_IRRELEVANT_BRANCH,NO_REPLACEMENT,FAIL,0,A2|A3,,0,1,0,0.0,0.0,0.0,False,False,0,False,,,False,,,,,0,0,A1->A2->A3
2,B1_STATIC,S5_UNCERTAIN_REPLACEMENT_EVIDENCE,DEFER_UNCERTAIN,FAIL,0,A2|A3,,0,0,1,,,,False,False,0,False,,,False,,,,,0,0,A1->A2->A3
2,B1_STATIC,S6_STALE_EVIDENCE,DEFER_UNCERTAIN,FAIL,0,A2|A3,,0,0,1,,,,False,False,0,False,,,False,,,,,0,0,A1->A2->A3
2,B1_STATIC,S7_CONTRADICTORY_EVIDENCE,DEFER_UNCERTAIN,FAIL,0,A2|A3,,0,0,1,,,,False,False,0,False,,,False,,,,,0,0,A1->A2->A3
2,B1_STATIC,S8_DELAYED_OBSERVATION,COMMIT,FAIL,0,A2|A3,,0,1,0,0.0,0.0,0.0,False,False,0,False,,,False,,,,,0,0,A1->A2->A3
2,B1_STATIC,S9_DEGRADED_AGENT,DEFER_UNCERTAIN,FAIL,0,A2|A3,,0,0,1,,,,False,False,0,False,,,False,,,,,0,0,A1->A2->A3
2,B1_STATIC,S10_WEAK_REPLACEMENT,DEFER_UNCERTAIN,FAIL,0,A2|A3,,0,0,1,,,,False,False,0,False,,,False,,,,,0,0,A1->A2->A3
2,B2_DYNAMIC,S0_NORMAL,NO_ADAPTATION,NO_ADAPTATION,1,,,1,0,0,,,,True,True,0,False,,,False,,,,,0,0,A1->A2->A3
2,B2_DYNAMIC,S1_REPLACEMENT_PASS,COMMIT,COMMIT,1,A2|A3,A2|A3,1,1,0,1.0,1.0,1.0,True,True,2,False,,,False,,,,,0,0,A1->A2_prime->A3
2,B2_DYNAMIC,S2_REPLACEMENT_FAIL,ROLLBACK,COMMIT,0,A2|A3,A2|A3,1,1,0,1.0,1.0,1.0,True,True,2,False,,,False,,,,,0,0,A1->A2_prime->A3
2,B2_DYNAMIC,S3_NO_REPLACEMENT,NO_REPLACEMENT,COMMIT,0,A2|A3,A2|A3,1,1,0,1.0,1.0,1.0,True,True,2,False,,,False,,,,,0,0,A1->A2_prime->A3
2,B2_DYNAMIC,S4_IRRELEVANT_BRANCH,NO_REPLACEMENT,COMMIT,0,A2|A3,A2|A3,1,1,0,1.0,1.0,1.0,True,True,2,False,,,False,,,,,0,0,A1->A2_prime->A3
2,B2_DYNAMIC,S5_UNCERTAIN_REPLACEMENT_EVIDENCE,DEFER_UNCERTAIN,COMMIT,0,A2|A3,A2|A3,1,0,1,,,,True,True,2,False,,,False,,,,,0,1,A1->A2_prime->A3
2,B2_DYNAMIC,S6_STALE_EVIDENCE,DEFER_UNCERTAIN,COMMIT,0,A2|A3,A2|A3,1,0,1,,,,True,True,2,False,,,False,,,,,0,1,A1->A2_prime->A3
2,B2_DYNAMIC,S7_CONTRADICTORY_EVIDENCE,DEFER_UNCERTAIN,COMMIT,0,A2|A3,A2|A3,1,0,1,,,,True,True,2,False,,,False,,,,,0,1,A1->A2_prime->A3
2,B2_DYNAMIC,S8_DELAYED_OBSERVATION,COMMIT,COMMIT,1,A2|A3,A2|A3,1,1,0,1.0,1.0,1.0,True,True,2,False,,,False,,,,,0,0,A1->A2_prime->A3
2,B2_DYNAMIC,S9_DEGRADED_AGENT,DEFER_UNCERTAIN,COMMIT,0,A2|A3,A2|A3,1,0,1,,,,True,True,2,False,,,False,,,,,0,1,A1->A2_prime->A3
2,B2_DYNAMIC,S10_WEAK_REPLACEMENT,DEFER_UNCERTAIN,COMMIT,0,A2|A3,A2|A3,1,0,1,,,,True,True,2,False,,,False,,,,,0,1,A1->A2_prime->A3
2,B3_UNTYPED,S0_NORMAL,NO_ADAPTATION,NO_ADAPTATION,1,,,1,0,0,,,,True,True,0,False,,,False,,,,,0,0,A1->A2->A3
2,B3_UNTYPED,S1_REPLACEMENT_PASS,COMMIT,COMMIT,1,A2|A3,A2|A3,1,1,0,1.0,1.0,1.0,True,True,2,False,,,False,,,,,0,0,A1->A2_prime->A3
2,B3_UNTYPED,S2_REPLACEMENT_FAIL,ROLLBACK,COMMIT,0,A2|A3,A2|A3,1,1,0,1.0,1.0,1.0,True,True,2,False,,,False,,,,,0,0,A1->A2_prime->A3
2,B3_UNTYPED,S3_NO_REPLACEMENT,NO_REPLACEMENT,COMMIT,0,A2|A3,A2|A3,1,1,0,1.0,1.0,1.0,True,True,2,False,,,False,,,,,0,0,A1->A2_prime->A3
2,B3_UNTYPED,S4_IRRELEVANT_BRANCH,NO_REPLACEMENT,NO_REPLACEMENT,1,A2|A3,A2|A3|A4,0,1,0,0.6666666666666666,1.0,0.8,False,False,0,False,,,False,,,,,0,0,A1->A2->A3|A4->A2
2,B3_UNTYPED,S5_UNCERTAIN_REPLACEMENT_EVIDENCE,DEFER_UNCERTAIN,COMMIT,0,A2|A3,A2|A3,1,0,1,,,,True,True,2,False,,,False,,,,,0,1,A1->A2_prime->A3
2,B3_UNTYPED,S6_STALE_EVIDENCE,DEFER_UNCERTAIN,COMMIT,0,A2|A3,A2|A3,1,0,1,,,,True,True,2,False,,,False,,,,,0,1,A1->A2_prime->A3
2,B3_UNTYPED,S7_CONTRADICTORY_EVIDENCE,DEFER_UNCERTAIN,COMMIT,0,A2|A3,A2|A3,1,0,1,,,,True,True,2,False,,,False,,,,,0,1,A1->A2_prime->A3
2,B3_UNTYPED,S8_DELAYED_OBSERVATION,COMMIT,COMMIT,1,A2|A3,A2|A3|A4,0,1,0,0.6666666666666666,1.0,0.8,True,True,2,False,,,False,,,,,0,0,A1->A2_prime->A3
2,B3_UNTYPED,S9_DEGRADED_AGENT,DEFER_UNCERTAIN,COMMIT,0,A2|A3,A2|A3,1,0,1,,,,True,True,2,False,,,False,,,,,0,1,A1->A2_prime->A3
2,B3_UNTYPED,S10_WEAK_REPLACEMENT,DEFER_UNCERTAIN,COMMIT,0,A2|A3,A2|A3,1,0,1,,,,True,True,2,False,,,False,,,,,0,1,A1->A2_prime->A3
2,B4_RASE_NO_EAS,S0_NORMAL,NO_ADAPTATION,NO_ADAPTATION,1,,,1,0,0,,,,True,True,0,False,,,False,,,,,0,0,A1->A2|A2->A3|A4->A2
2,B4_RASE_NO_EAS,S1_REPLACEMENT_PASS,COMMIT,COMMIT,1,A2|A3,A2|A3,1,1,0,1.0,1.0,1.0,True,True,2,False,,,False,,,,,0,0,A1->A2_prime|A2_prime->A3|A4->A2
2,B4_RASE_NO_EAS,S2_REPLACEMENT_FAIL,ROLLBACK,COMMIT,0,A2|A3,A2|A3,1,1,0,1.0,1.0,1.0,True,True,2,False,,,False,,,,,0,0,A1->A2_prime|A2_prime->A3|A4->A2
2,B4_RASE_NO_EAS,S3_NO_REPLACEMENT,NO_REPLACEMENT,COMMIT,0,A2|A3,A2|A3,1,1,0,1.0,1.0,1.0,True,True,2,False,,,False,,,,,0,0,A1->A2_prime|A2_prime->A3|A4->A2
2,B4_RASE_NO_EAS,S4_IRRELEVANT_BRANCH,NO_REPLACEMENT,NO_REPLACEMENT,1,A2|A3,A2|A3,1,1,0,1.0,1.0,1.0,False,False,0,False,,,False,,,,,0,0,A1->A2|A2->A3|A4->A2
2,B4_RASE_NO_EAS,S5_UNCERTAIN_REPLACEMENT_EVIDENCE,DEFER_UNCERTAIN,COMMIT,0,A2|A3,A2|A3,1,0,1,,,,True,True,2,False,,,False,,,0.4999997891677326,,0,1,A1->A2_prime|A2_prime->A3|A4->A2
2,B4_RASE_NO_EAS,S6_STALE_EVIDENCE,DEFER_UNCERTAIN,COMMIT,0,A2|A3,A2|A3,1,0,1,,,,True,True,2,False,,,False,,,,,0,1,A1->A2_prime->A3
2,B4_RASE_NO_EAS,S7_CONTRADICTORY_EVIDENCE,DEFER_UNCERTAIN,COMMIT,0,A2|A3,A2|A3,1,0,1,,,,True,True,2,False,,,False,,,,,0,1,A1->A2_prime->A3
2,B4_RASE_NO_EAS,S8_DELAYED_OBSERVATION,COMMIT,COMMIT,1,A2|A3,A2|A3,1,1,0,1.0,1.0,1.0,True,True,2,False,,,False,,,,,0,0,A1->A2_prime->A3
2,B4_RASE_NO_EAS,S9_DEGRADED_AGENT,DEFER_UNCERTAIN,COMMIT,0,A2|A3,A2|A3,1,0,1,,,,True,True,2,False,,,False,,,,,0,1,A1->A2_prime->A3
2,B4_RASE_NO_EAS,S10_WEAK_REPLACEMENT,DEFER_UNCERTAIN,COMMIT,0,A2|A3,A2|A3,1,0,1,,,,True,True,2,False,,,False,,,,,0,1,A1->A2_prime->A3
2,B5_RASE,S0_NORMAL,NO_ADAPTATION,NO_ADAPTATION,1,,,1,0,0,,,,True,True,0,False,,,False,,,,,0,0,A1->A2|A2->A3|A4->A2
2,B5_RASE,S1_REPLACEMENT_PASS,COMMIT,COMMIT,1,A2|A3,A2|A3,1,1,0,1.0,1.0,1.0,True,True,2,False,,,False,,,,,0,0,A1->A2_prime|A2_prime->A3|A4->A2
2,B5_RASE,S2_REPLACEMENT_FAIL,ROLLBACK,ROLLBACK,1,A2|A3,A2|A3,1,1,0,1.0,1.0,1.0,False,False,2,True,,,False,,,,,0,0,A1->A2|A2->A3|A4->A2
2,B5_RASE,S3_NO_REPLACEMENT,NO_REPLACEMENT,NO_REPLACEMENT,1,A2|A3,A2|A3,1,1,0,1.0,1.0,1.0,False,False,0,False,,,False,,,,,0,0,A1->A2|A2->A3|A4->A2
2,B5_RASE,S4_IRRELEVANT_BRANCH,NO_REPLACEMENT,NO_REPLACEMENT,1,A2|A3,A2|A3,1,1,0,1.0,1.0,1.0,False,False,0,False,,,False,,,,,0,0,A1->A2|A2->A3|A4->A2
2,B5_RASE,S5_UNCERTAIN_REPLACEMENT_EVIDENCE,DEFER_UNCERTAIN,DEFER_UNCERTAIN,1,A2|A3,A2|A3,1,0,1,,,,False,False,0,False,,,False,,,0.49999969963622176,,1,0,A1->A2|A2->A3|A4->A2
2,B5_RASE,S6_STALE_EVIDENCE,DEFER_UNCERTAIN,DEFER_UNCERTAIN,1,A2|A3,A2|A3,1,0,1,,,,False,False,0,False,,,False,0.0009765621389859107,UNCERTAIN,0.9999993992726239,ASSURED,1,0,A1->A2->A3
2,B5_RASE,S7_CONTRADICTORY_EVIDENCE,DEFER_UNCERTAIN,DEFER_UNCERTAIN,1,A2|A3,A2|A3,1,0,1,,,,False,False,0,False,,,False,0.5000000144405663,UNCERTAIN_CONFLICT,0.9999968923949691,ASSURED,1,0,A1->A2->A3
2,B5_RASE,S8_DELAYED_OBSERVATION,COMMIT,COMMIT,1,A2|A3,A2|A3,1,1,0,1.0,1.0,1.0,True,True,2,False,,,False,0.49999989025169644,UNCERTAIN_CONFLICT,1.0,ASSURED,0,0,A1->A2_prime|A2_prime->A3|A4->A2
2,B5_RASE,S9_DEGRADED_AGENT,DEFER_UNCERTAIN,DEFER_UNCERTAIN,1,A2|A3,A2|A3,1,0,1,,,,False,False,0,False,,,False,0.5000000028881133,UNCERTAIN_CONFLICT,0.9999994685873028,ASSURED,1,0,A1->A2->A3
2,B5_RASE,S10_WEAK_REPLACEMENT,DEFER_UNCERTAIN,DEFER_UNCERTAIN,1,A2|A3,A2|A3,1,0,1,,,,False,False,0,False,,,False,,,0.24999995667830496,UNCERTAIN,1,0,A1->A2->A3
2,B6_MAPEK,S0_NORMAL,NO_ADAPTATION,NO_ADAPTATION,1,,,1,0,0,,,,True,True,0,False,,,False,,,,,0,0,A1->A2->A3
2,B6_MAPEK,S1_REPLACEMENT_PASS,COMMIT,COMMIT,1,A2|A3,A2|A3,1,1,0,1.0,1.0,1.0,True,True,2,False,,,False,,,,,0,0,A1->A2_prime->A3
2,B6_MAPEK,S2_REPLACEMENT_FAIL,ROLLBACK,COMMIT,0,A2|A3,A2|A3,1,1,0,1.0,1.0,1.0,True,True,2,False,,,False,,,,,0,0,A1->A2_prime->A3
2,B6_MAPEK,S3_NO_REPLACEMENT,NO_REPLACEMENT,NO_REPLACEMENT,1,A2|A3,A2|A3,1,1,0,1.0,1.0,1.0,False,False,0,False,,,False,,,,,0,0,A1->A2->A3
2,B6_MAPEK,S4_IRRELEVANT_BRANCH,NO_REPLACEMENT,NO_REPLACEMENT,1,A2|A3,A2|A3|A4,0,1,0,0.6666666666666666,1.0,0.8,False,False,0,False,,,False,,,,,0,0,A1->A2->A3|A4->A2
2,B6_MAPEK,S5_UNCERTAIN_REPLACEMENT_EVIDENCE,DEFER_UNCERTAIN,COMMIT,0,A2|A3,A2|A3,1,0,1,,,,True,True,2,False,,,False,,,,,0,1,A1->A2_prime->A3
2,B6_MAPEK,S6_STALE_EVIDENCE,DEFER_UNCERTAIN,COMMIT,0,A2|A3,A2|A3,1,0,1,,,,True,True,2,False,,,False,,,,,0,1,A1->A2_prime->A3
2,B6_MAPEK,S7_CONTRADICTORY_EVIDENCE,DEFER_UNCERTAIN,COMMIT,0,A2|A3,A2|A3,1,0,1,,,,True,True,2,False,,,False,,,,,0,1,A1->A2_prime->A3
2,B6_MAPEK,S8_DELAYED_OBSERVATION,COMMIT,COMMIT,1,A2|A3,A2|A3,1,1,0,1.0,1.0,1.0,True,True,2,False,,,False,,,,,0,0,A1->A2_prime->A3
2,B6_MAPEK,S9_DEGRADED_AGENT,DEFER_UNCERTAIN,COMMIT,0,A2|A3,A2|A3,1,0,1,,,,True,True,2,False,,,False,,,,,0,1,A1->A2_prime->A3
2,B6_MAPEK,S10_WEAK_REPLACEMENT,DEFER_UNCERTAIN,COMMIT,0,A2|A3,A2|A3,1,0,1,,,,True,True,2,False,,,False,,,,,0,1,A1->A2_prime->A3
3,B1_STATIC,S0_NORMAL,NO_ADAPTATION,NO_ADAPTATION,1,,,1,0,0,,,,True,True,0,False,,,False,,,,,0,0,A1->A2->A3
3,B1_STATIC,S1_REPLACEMENT_PASS,COMMIT,FAIL,0,A2|A3,,0,1,0,0.0,0.0,0.0,False,False,0,False,,,False,,,,,0,0,A1->A2->A3
3,B1_STATIC,S2_REPLACEMENT_FAIL,ROLLBACK,FAIL,0,A2|A3,,0,1,0,0.0,0.0,0.0,False,False,0,False,,,False,,,,,0,0,A1->A2->A3
3,B1_STATIC,S3_NO_REPLACEMENT,NO_REPLACEMENT,FAIL,0,A2|A3,,0,1,0,0.0,0.0,0.0,False,False,0,False,,,False,,,,,0,0,A1->A2->A3
3,B1_STATIC,S4_IRRELEVANT_BRANCH,NO_REPLACEMENT,FAIL,0,A2|A3,,0,1,0,0.0,0.0,0.0,False,False,0,False,,,False,,,,,0,0,A1->A2->A3
3,B1_STATIC,S5_UNCERTAIN_REPLACEMENT_EVIDENCE,DEFER_UNCERTAIN,FAIL,0,A2|A3,,0,0,1,,,,False,False,0,False,,,False,,,,,0,0,A1->A2->A3
3,B1_STATIC,S6_STALE_EVIDENCE,DEFER_UNCERTAIN,FAIL,0,A2|A3,,0,0,1,,,,False,False,0,False,,,False,,,,,0,0,A1->A2->A3
3,B1_STATIC,S7_CONTRADICTORY_EVIDENCE,DEFER_UNCERTAIN,FAIL,0,A2|A3,,0,0,1,,,,False,False,0,False,,,False,,,,,0,0,A1->A2->A3
3,B1_STATIC,S8_DELAYED_OBSERVATION,COMMIT,FAIL,0,A2|A3,,0,1,0,0.0,0.0,0.0,False,False,0,False,,,False,,,,,0,0,A1->A2->A3
3,B1_STATIC,S9_DEGRADED_AGENT,DEFER_UNCERTAIN,FAIL,0,A2|A3,,0,0,1,,,,False,False,0,False,,,False,,,,,0,0,A1->A2->A3
3,B1_STATIC,S10_WEAK_REPLACEMENT,DEFER_UNCERTAIN,FAIL,0,A2|A3,,0,0,1,,,,False,False,0,False,,,False,,,,,0,0,A1->A2->A3
3,B2_DYNAMIC,S0_NORMAL,NO_ADAPTATION,NO_ADAPTATION,1,,,1,0,0,,,,True,True,0,False,,,False,,,,,0,0,A1->A2->A3
3,B2_DYNAMIC,S1_REPLACEMENT_PASS,COMMIT,COMMIT,1,A2|A3,A2|A3,1,1,0,1.0,1.0,1.0,True,True,2,False,,,False,,,,,0,0,A1->A2_prime->A3
3,B2_DYNAMIC,S2_REPLACEMENT_FAIL,ROLLBACK,COMMIT,0,A2|A3,A2|A3,1,1,0,1.0,1.0,1.0,True,True,2,False,,,False,,,,,0,0,A1->A2_prime->A3
3,B2_DYNAMIC,S3_NO_REPLACEMENT,NO_REPLACEMENT,COMMIT,0,A2|A3,A2|A3,1,1,0,1.0,1.0,1.0,True,True,2,False,,,False,,,,,0,0,A1->A2_prime->A3
3,B2_DYNAMIC,S4_IRRELEVANT_BRANCH,NO_REPLACEMENT,COMMIT,0,A2|A3,A2|A3,1,1,0,1.0,1.0,1.0,True,True,2,False,,,False,,,,,0,0,A1->A2_prime->A3
3,B2_DYNAMIC,S5_UNCERTAIN_REPLACEMENT_EVIDENCE,DEFER_UNCERTAIN,COMMIT,0,A2|A3,A2|A3,1,0,1,,,,True,True,2,False,,,False,,,,,0,1,A1->A2_prime->A3
3,B2_DYNAMIC,S6_STALE_EVIDENCE,DEFER_UNCERTAIN,COMMIT,0,A2|A3,A2|A3,1,0,1,,,,True,True,2,False,,,False,,,,,0,1,A1->A2_prime->A3
3,B2_DYNAMIC,S7_CONTRADICTORY_EVIDENCE,DEFER_UNCERTAIN,COMMIT,0,A2|A3,A2|A3,1,0,1,,,,True,True,2,False,,,False,,,,,0,1,A1->A2_prime->A3
3,B2_DYNAMIC,S8_DELAYED_OBSERVATION,COMMIT,COMMIT,1,A2|A3,A2|A3,1,1,0,1.0,1.0,1.0,True,True,2,False,,,False,,,,,0,0,A1->A2_prime->A3
3,B2_DYNAMIC,S9_DEGRADED_AGENT,DEFER_UNCERTAIN,COMMIT,0,A2|A3,A2|A3,1,0,1,,,,True,True,2,False,,,False,,,,,0,1,A1->A2_prime->A3
3,B2_DYNAMIC,S10_WEAK_REPLACEMENT,DEFER_UNCERTAIN,COMMIT,0,A2|A3,A2|A3,1,0,1,,,,True,True,2,False,,,False,,,,,0,1,A1->A2_prime->A3
3,B3_UNTYPED,S0_NORMAL,NO_ADAPTATION,NO_ADAPTATION,1,,,1,0,0,,,,True,True,0,False,,,False,,,,,0,0,A1->A2->A3
3,B3_UNTYPED,S1_REPLACEMENT_PASS,COMMIT,COMMIT,1,A2|A3,A2|A3,1,1,0,1.0,1.0,1.0,True,True,2,False,,,False,,,,,0,0,A1->A2_prime->A3
3,B3_UNTYPED,S2_REPLACEMENT_FAIL,ROLLBACK,COMMIT,0,A2|A3,A2|A3,1,1,0,1.0,1.0,1.0,True,True,2,False,,,False,,,,,0,0,A1->A2_prime->A3
3,B3_UNTYPED,S3_NO_REPLACEMENT,NO_REPLACEMENT,COMMIT,0,A2|A3,A2|A3,1,1,0,1.0,1.0,1.0,True,True,2,False,,,False,,,,,0,0,A1->A2_prime->A3
3,B3_UNTYPED,S4_IRRELEVANT_BRANCH,NO_REPLACEMENT,NO_REPLACEMENT,1,A2|A3,A2|A3|A4,0,1,0,0.6666666666666666,1.0,0.8,False,False,0,False,,,False,,,,,0,0,A1->A2->A3|A4->A2
3,B3_UNTYPED,S5_UNCERTAIN_REPLACEMENT_EVIDENCE,DEFER_UNCERTAIN,COMMIT,0,A2|A3,A2|A3,1,0,1,,,,True,True,2,False,,,False,,,,,0,1,A1->A2_prime->A3
3,B3_UNTYPED,S6_STALE_EVIDENCE,DEFER_UNCERTAIN,COMMIT,0,A2|A3,A2|A3,1,0,1,,,,True,True,2,False,,,False,,,,,0,1,A1->A2_prime->A3
3,B3_UNTYPED,S7_CONTRADICTORY_EVIDENCE,DEFER_UNCERTAIN,COMMIT,0,A2|A3,A2|A3,1,0,1,,,,True,True,2,False,,,False,,,,,0,1,A1->A2_prime->A3
3,B3_UNTYPED,S8_DELAYED_OBSERVATION,COMMIT,COMMIT,1,A2|A3,A2|A3|A4,0,1,0,0.6666666666666666,1.0,0.8,True,True,2,False,,,False,,,,,0,0,A1->A2_prime->A3
3,B3_UNTYPED,S9_DEGRADED_AGENT,DEFER_UNCERTAIN,COMMIT,0,A2|A3,A2|A3,1,0,1,,,,True,True,2,False,,,False,,,,,0,1,A1->A2_prime->A3
3,B3_UNTYPED,S10_WEAK_REPLACEMENT,DEFER_UNCERTAIN,COMMIT,0,A2|A3,A2|A3,1,0,1,,,,True,True,2,False,,,False,,,,,0,1,A1->A2_prime->A3
3,B4_RASE_NO_EAS,S0_NORMAL,NO_ADAPTATION,NO_ADAPTATION,1,,,1,0,0,,,,True,True,0,False,,,False,,,,,0,0,A1->A2|A2->A3|A4->A2
3,B4_RASE_NO_EAS,S1_REPLACEMENT_PASS,COMMIT,COMMIT,1,A2|A3,A2|A3,1,1,0,1.0,1.0,1.0,True,True,2,False,,,False,,,,,0,0,A1->A2_prime|A2_prime->A3|A4->A2
3,B4_RASE_NO_EAS,S2_REPLACEMENT_FAIL,ROLLBACK,COMMIT,0,A2|A3,A2|A3,1,1,0,1.0,1.0,1.0,True,True,2,False,,,False,,,,,0,0,A1->A2_prime|A2_prime->A3|A4->A2
3,B4_RASE_NO_EAS,S3_NO_REPLACEMENT,NO_REPLACEMENT,COMMIT,0,A2|A3,A2|A3,1,1,0,1.0,1.0,1.0,True,True,2,False,,,False,,,,,0,0,A1->A2_prime|A2_prime->A3|A4->A2
3,B4_RASE_NO_EAS,S4_IRRELEVANT_BRANCH,NO_REPLACEMENT,NO_REPLACEMENT,1,A2|A3,A2|A3,1,1,0,1.0,1.0,1.0,False,False,0,False,,,False,,,,,0,0,A1->A2|A2->A3|A4->A2
3,B4_RASE_NO_EAS,S5_UNCERTAIN_REPLACEMENT_EVIDENCE,DEFER_UNCERTAIN,COMMIT,0,A2|A3,A2|A3,1,0,1,,,,True,True,2,False,,,False,,,0.4999997920558458,,0,1,A1->A2_prime|A2_prime->A3|A4->A2
3,B4_RASE_NO_EAS,S6_STALE_EVIDENCE,DEFER_UNCERTAIN,COMMIT,0,A2|A3,A2|A3,1,0,1,,,,True,True,2,False,,,False,,,,,0,1,A1->A2_prime->A3
3,B4_RASE_NO_EAS,S7_CONTRADICTORY_EVIDENCE,DEFER_UNCERTAIN,COMMIT,0,A2|A3,A2|A3,1,0,1,,,,True,True,2,False,,,False,,,,,0,1,A1->A2_prime->A3
3,B4_RASE_NO_EAS,S8_DELAYED_OBSERVATION,COMMIT,COMMIT,1,A2|A3,A2|A3,1,1,0,1.0,1.0,1.0,True,True,2,False,,,False,,,,,0,0,A1->A2_prime->A3
3,B4_RASE_NO_EAS,S9_DEGRADED_AGENT,DEFER_UNCERTAIN,COMMIT,0,A2|A3,A2|A3,1,0,1,,,,True,True,2,False,,,False,,,,,0,1,A1->A2_prime->A3
3,B4_RASE_NO_EAS,S10_WEAK_REPLACEMENT,DEFER_UNCERTAIN,COMMIT,0,A2|A3,A2|A3,1,0,1,,,,True,True,2,False,,,False,,,,,0,1,A1->A2_prime->A3
3,B5_RASE,S0_NORMAL,NO_ADAPTATION,NO_ADAPTATION,1,,,1,0,0,,,,True,True,0,False,,,False,,,,,0,0,A1->A2|A2->A3|A4->A2
3,B5_RASE,S1_REPLACEMENT_PASS,COMMIT,COMMIT,1,A2|A3,A2|A3,1,1,0,1.0,1.0,1.0,True,True,2,False,,,False,,,,,0,0,A1->A2_prime|A2_prime->A3|A4->A2
3,B5_RASE,S2_REPLACEMENT_FAIL,ROLLBACK,ROLLBACK,1,A2|A3,A2|A3,1,1,0,1.0,1.0,1.0,False,False,2,True,,,False,,,,,0,0,A1->A2|A2->A3|A4->A2
3,B5_RASE,S3_NO_REPLACEMENT,NO_REPLACEMENT,NO_REPLACEMENT,1,A2|A3,A2|A3,1,1,0,1.0,1.0,1.0,False,False,0,False,,,False,,,,,0,0,A1->A2|A2->A3|A4->A2
3,B5_RASE,S4_IRRELEVANT_BRANCH,NO_REPLACEMENT,NO_REPLACEMENT,1,A2|A3,A2|A3,1,1,0,1.0,1.0,1.0,False,False,0,False,,,False,,,,,0,0,A1->A2|A2->A3|A4->A2
3,B5_RASE,S5_UNCERTAIN_REPLACEMENT_EVIDENCE,DEFER_UNCERTAIN,DEFER_UNCERTAIN,1,A2|A3,A2|A3,1,0,1,,,,False,False,0,False,,,False,,,0.49999977472716634,,1,0,A1->A2|A2->A3|A4->A2
3,B5_RASE,S6_STALE_EVIDENCE,DEFER_UNCERTAIN,DEFER_UNCERTAIN,1,A2|A3,A2|A3,1,0,1,,,,False,False,0,False,,,False,0.0009765622066760409,UNCERTAIN,0.9999995494544341,ASSURED,1,0,A1->A2->A3
3,B5_RASE,S7_CONTRADICTORY_EVIDENCE,DEFER_UNCERTAIN,DEFER_UNCERTAIN,1,A2|A3,A2|A3,1,0,1,,,,False,False,0,False,,,False,0.49999999711188675,UNCERTAIN_CONFLICT,0.9999994685873028,ASSURED,1,0,A1->A2->A3
3,B5_RASE,S8_DELAYED_OBSERVATION,COMMIT,COMMIT,1,A2|A3,A2|A3,1,1,0,1.0,1.0,1.0,True,True,2,False,,,False,0.499999965342641,UNCERTAIN_CONFLICT,1.0,ASSURED,0,0,A1->A2_prime|A2_prime->A3|A4->A2
3,B5_RASE,S9_DEGRADED_AGENT,DEFER_UNCERTAIN,DEFER_UNCERTAIN,1,A2|A3,A2|A3,1,0,1,,,,False,False,0,False,,,False,0.49999999711188675,UNCERTAIN_CONFLICT,0.9999994685873028,ASSURED,1,0,A1->A2->A3
3,B5_RASE,S10_WEAK_REPLACEMENT,DEFER_UNCERTAIN,DEFER_UNCERTAIN,1,A2|A3,A2|A3,1,0,1,,,,False,False,0,False,,,False,,,0.24999995956641774,UNCERTAIN,1,0,A1->A2->A3
3,B6_MAPEK,S0_NORMAL,NO_ADAPTATION,NO_ADAPTATION,1,,,1,0,0,,,,True,True,0,False,,,False,,,,,0,0,A1->A2->A3
3,B6_MAPEK,S1_REPLACEMENT_PASS,COMMIT,COMMIT,1,A2|A3,A2|A3,1,1,0,1.0,1.0,1.0,True,True,2,False,,,False,,,,,0,0,A1->A2_prime->A3
3,B6_MAPEK,S2_REPLACEMENT_FAIL,ROLLBACK,COMMIT,0,A2|A3,A2|A3,1,1,0,1.0,1.0,1.0,True,True,2,False,,,False,,,,,0,0,A1->A2_prime->A3
3,B6_MAPEK,S3_NO_REPLACEMENT,NO_REPLACEMENT,NO_REPLACEMENT,1,A2|A3,A2|A3,1,1,0,1.0,1.0,1.0,False,False,0,False,,,False,,,,,0,0,A1->A2->A3
3,B6_MAPEK,S4_IRRELEVANT_BRANCH,NO_REPLACEMENT,NO_REPLACEMENT,1,A2|A3,A2|A3|A4,0,1,0,0.6666666666666666,1.0,0.8,False,False,0,False,,,False,,,,,0,0,A1->A2->A3|A4->A2
3,B6_MAPEK,S5_UNCERTAIN_REPLACEMENT_EVIDENCE,DEFER_UNCERTAIN,COMMIT,0,A2|A3,A2|A3,1,0,1,,,,True,True,2,False,,,False,,,,,0,1,A1->A2_prime->A3
3,B6_MAPEK,S6_STALE_EVIDENCE,DEFER_UNCERTAIN,COMMIT,0,A2|A3,A2|A3,1,0,1,,,,True,True,2,False,,,False,,,,,0,1,A1->A2_prime->A3
3,B6_MAPEK,S7_CONTRADICTORY_EVIDENCE,DEFER_UNCERTAIN,COMMIT,0,A2|A3,A2|A3,1,0,1,,,,True,True,2,False,,,False,,,,,0,1,A1->A2_prime->A3
3,B6_MAPEK,S8_DELAYED_OBSERVATION,COMMIT,COMMIT,1,A2|A3,A2|A3,1,1,0,1.0,1.0,1.0,True,True,2,False,,,False,,,,,0,0,A1->A2_prime->A3
3,B6_MAPEK,S9_DEGRADED_AGENT,DEFER_UNCERTAIN,COMMIT,0,A2|A3,A2|A3,1,0,1,,,,True,True,2,False,,,False,,,,,0,1,A1->A2_prime->A3
3,B6_MAPEK,S10_WEAK_REPLACEMENT,DEFER_UNCERTAIN,COMMIT,0,A2|A3,A2|A3,1,0,1,,,,True,True,2,False,,,False,,,,,0,1,A1->A2_prime->A3
4,B1_STATIC,S0_NORMAL,NO_ADAPTATION,NO_ADAPTATION,1,,,1,0,0,,,,True,True,0,False,,,False,,,,,0,0,A1->A2->A3
4,B1_STATIC,S1_REPLACEMENT_PASS,COMMIT,FAIL,0,A2|A3,,0,1,0,0.0,0.0,0.0,False,False,0,False,,,False,,,,,0,0,A1->A2->A3
4,B1_STATIC,S2_REPLACEMENT_FAIL,ROLLBACK,FAIL,0,A2|A3,,0,1,0,0.0,0.0,0.0,False,False,0,False,,,False,,,,,0,0,A1->A2->A3
4,B1_STATIC,S3_NO_REPLACEMENT,NO_REPLACEMENT,FAIL,0,A2|A3,,0,1,0,0.0,0.0,0.0,False,False,0,False,,,False,,,,,0,0,A1->A2->A3
4,B1_STATIC,S4_IRRELEVANT_BRANCH,NO_REPLACEMENT,FAIL,0,A2|A3,,0,1,0,0.0,0.0,0.0,False,False,0,False,,,False,,,,,0,0,A1->A2->A3
4,B1_STATIC,S5_UNCERTAIN_REPLACEMENT_EVIDENCE,DEFER_UNCERTAIN,FAIL,0,A2|A3,,0,0,1,,,,False,False,0,False,,,False,,,,,0,0,A1->A2->A3
4,B1_STATIC,S6_STALE_EVIDENCE,DEFER_UNCERTAIN,FAIL,0,A2|A3,,0,0,1,,,,False,False,0,False,,,False,,,,,0,0,A1->A2->A3
4,B1_STATIC,S7_CONTRADICTORY_EVIDENCE,DEFER_UNCERTAIN,FAIL,0,A2|A3,,0,0,1,,,,False,False,0,False,,,False,,,,,0,0,A1->A2->A3
4,B1_STATIC,S8_DELAYED_OBSERVATION,COMMIT,FAIL,0,A2|A3,,0,1,0,0.0,0.0,0.0,False,False,0,False,,,False,,,,,0,0,A1->A2->A3
4,B1_STATIC,S9_DEGRADED_AGENT,DEFER_UNCERTAIN,FAIL,0,A2|A3,,0,0,1,,,,False,False,0,False,,,False,,,,,0,0,A1->A2->A3
4,B1_STATIC,S10_WEAK_REPLACEMENT,DEFER_UNCERTAIN,FAIL,0,A2|A3,,0,0,1,,,,False,False,0,False,,,False,,,,,0,0,A1->A2->A3
4,B2_DYNAMIC,S0_NORMAL,NO_ADAPTATION,NO_ADAPTATION,1,,,1,0,0,,,,True,True,0,False,,,False,,,,,0,0,A1->A2->A3
4,B2_DYNAMIC,S1_REPLACEMENT_PASS,COMMIT,COMMIT,1,A2|A3,A2|A3,1,1,0,1.0,1.0,1.0,True,True,2,False,,,False,,,,,0,0,A1->A2_prime->A3
4,B2_DYNAMIC,S2_REPLACEMENT_FAIL,ROLLBACK,COMMIT,0,A2|A3,A2|A3,1,1,0,1.0,1.0,1.0,True,True,2,False,,,False,,,,,0,0,A1->A2_prime->A3
4,B2_DYNAMIC,S3_NO_REPLACEMENT,NO_REPLACEMENT,COMMIT,0,A2|A3,A2|A3,1,1,0,1.0,1.0,1.0,True,True,2,False,,,False,,,,,0,0,A1->A2_prime->A3
4,B2_DYNAMIC,S4_IRRELEVANT_BRANCH,NO_REPLACEMENT,COMMIT,0,A2|A3,A2|A3,1,1,0,1.0,1.0,1.0,True,True,2,False,,,False,,,,,0,0,A1->A2_prime->A3
4,B2_DYNAMIC,S5_UNCERTAIN_REPLACEMENT_EVIDENCE,DEFER_UNCERTAIN,COMMIT,0,A2|A3,A2|A3,1,0,1,,,,True,True,2,False,,,False,,,,,0,1,A1->A2_prime->A3
4,B2_DYNAMIC,S6_STALE_EVIDENCE,DEFER_UNCERTAIN,COMMIT,0,A2|A3,A2|A3,1,0,1,,,,True,True,2,False,,,False,,,,,0,1,A1->A2_prime->A3
4,B2_DYNAMIC,S7_CONTRADICTORY_EVIDENCE,DEFER_UNCERTAIN,COMMIT,0,A2|A3,A2|A3,1,0,1,,,,True,True,2,False,,,False,,,,,0,1,A1->A2_prime->A3
4,B2_DYNAMIC,S8_DELAYED_OBSERVATION,COMMIT,COMMIT,1,A2|A3,A2|A3,1,1,0,1.0,1.0,1.0,True,True,2,False,,,False,,,,,0,0,A1->A2_prime->A3
4,B2_DYNAMIC,S9_DEGRADED_AGENT,DEFER_UNCERTAIN,COMMIT,0,A2|A3,A2|A3,1,0,1,,,,True,True,2,False,,,False,,,,,0,1,A1->A2_prime->A3
4,B2_DYNAMIC,S10_WEAK_REPLACEMENT,DEFER_UNCERTAIN,COMMIT,0,A2|A3,A2|A3,1,0,1,,,,True,True,2,False,,,False,,,,,0,1,A1->A2_prime->A3
4,B3_UNTYPED,S0_NORMAL,NO_ADAPTATION,NO_ADAPTATION,1,,,1,0,0,,,,True,True,0,False,,,False,,,,,0,0,A1->A2->A3
4,B3_UNTYPED,S1_REPLACEMENT_PASS,COMMIT,COMMIT,1,A2|A3,A2|A3,1,1,0,1.0,1.0,1.0,True,True,2,False,,,False,,,,,0,0,A1->A2_prime->A3
4,B3_UNTYPED,S2_REPLACEMENT_FAIL,ROLLBACK,COMMIT,0,A2|A3,A2|A3,1,1,0,1.0,1.0,1.0,True,True,2,False,,,False,,,,,0,0,A1->A2_prime->A3
4,B3_UNTYPED,S3_NO_REPLACEMENT,NO_REPLACEMENT,COMMIT,0,A2|A3,A2|A3,1,1,0,1.0,1.0,1.0,True,True,2,False,,,False,,,,,0,0,A1->A2_prime->A3
4,B3_UNTYPED,S4_IRRELEVANT_BRANCH,NO_REPLACEMENT,NO_REPLACEMENT,1,A2|A3,A2|A3|A4,0,1,0,0.6666666666666666,1.0,0.8,False,False,0,False,,,False,,,,,0,0,A1->A2->A3|A4->A2
4,B3_UNTYPED,S5_UNCERTAIN_REPLACEMENT_EVIDENCE,DEFER_UNCERTAIN,COMMIT,0,A2|A3,A2|A3,1,0,1,,,,True,True,2,False,,,False,,,,,0,1,A1->A2_prime->A3
4,B3_UNTYPED,S6_STALE_EVIDENCE,DEFER_UNCERTAIN,COMMIT,0,A2|A3,A2|A3,1,0,1,,,,True,True,2,False,,,False,,,,,0,1,A1->A2_prime->A3
4,B3_UNTYPED,S7_CONTRADICTORY_EVIDENCE,DEFER_UNCERTAIN,COMMIT,0,A2|A3,A2|A3,1,0,1,,,,True,True,2,False,,,False,,,,,0,1,A1->A2_prime->A3
4,B3_UNTYPED,S8_DELAYED_OBSERVATION,COMMIT,COMMIT,1,A2|A3,A2|A3|A4,0,1,0,0.6666666666666666,1.0,0.8,True,True,2,False,,,False,,,,,0,0,A1->A2_prime->A3
4,B3_UNTYPED,S9_DEGRADED_AGENT,DEFER_UNCERTAIN,COMMIT,0,A2|A3,A2|A3,1,0,1,,,,True,True,2,False,,,False,,,,,0,1,A1->A2_prime->A3
4,B3_UNTYPED,S10_WEAK_REPLACEMENT,DEFER_UNCERTAIN,COMMIT,0,A2|A3,A2|A3,1,0,1,,,,True,True,2,False,,,False,,,,,0,1,A1->A2_prime->A3
4,B4_RASE_NO_EAS,S0_NORMAL,NO_ADAPTATION,NO_ADAPTATION,1,,,1,0,0,,,,True,True,0,False,,,False,,,,,0,0,A1->A2|A2->A3|A4->A2
4,B4_RASE_NO_EAS,S1_REPLACEMENT_PASS,COMMIT,COMMIT,1,A2|A3,A2|A3,1,1,0,1.0,1.0,1.0,True,True,2,False,,,False,,,,,0,0,A1->A2_prime|A2_prime->A3|A4->A2
4,B4_RASE_NO_EAS,S2_REPLACEMENT_FAIL,ROLLBACK,COMMIT,0,A2|A3,A2|A3,1,1,0,1.0,1.0,1.0,True,True,2,False,,,False,,,,,0,0,A1->A2_prime|A2_prime->A3|A4->A2
4,B4_RASE_NO_EAS,S3_NO_REPLACEMENT,NO_REPLACEMENT,COMMIT,0,A2|A3,A2|A3,1,1,0,1.0,1.0,1.0,True,True,2,False,,,False,,,,,0,0,A1->A2_prime|A2_prime->A3|A4->A2
4,B4_RASE_NO_EAS,S4_IRRELEVANT_BRANCH,NO_REPLACEMENT,NO_REPLACEMENT,1,A2|A3,A2|A3,1,1,0,1.0,1.0,1.0,False,False,0,False,,,False,,,,,0,0,A1->A2|A2->A3|A4->A2
4,B4_RASE_NO_EAS,S5_UNCERTAIN_REPLACEMENT_EVIDENCE,DEFER_UNCERTAIN,COMMIT,0,A2|A3,A2|A3,1,0,1,,,,True,True,2,False,,,False,,,0.49999983248943136,,0,1,A1->A2_prime|A2_prime->A3|A4->A2
4,B4_RASE_NO_EAS,S6_STALE_EVIDENCE,DEFER_UNCERTAIN,COMMIT,0,A2|A3,A2|A3,1,0,1,,,,True,True,2,False,,,False,,,,,0,1,A1->A2_prime->A3
4,B4_RASE_NO_EAS,S7_CONTRADICTORY_EVIDENCE,DEFER_UNCERTAIN,COMMIT,0,A2|A3,A2|A3,1,0,1,,,,True,True,2,False,,,False,,,,,0,1,A1->A2_prime->A3
4,B4_RASE_NO_EAS,S8_DELAYED_OBSERVATION,COMMIT,COMMIT,1,A2|A3,A2|A3,1,1,0,1.0,1.0,1.0,True,True,2,False,,,False,,,,,0,0,A1->A2_prime->A3
4,B4_RASE_NO_EAS,S9_DEGRADED_AGENT,DEFER_UNCERTAIN,COMMIT,0,A2|A3,A2|A3,1,0,1,,,,True,True,2,False,,,False,,,,,0,1,A1->A2_prime->A3
4,B4_RASE_NO_EAS,S10_WEAK_REPLACEMENT,DEFER_UNCERTAIN,COMMIT,0,A2|A3,A2|A3,1,0,1,,,,True,True,2,False,,,False,,,,,0,1,A1->A2_prime->A3
4,B5_RASE,S0_NORMAL,NO_ADAPTATION,NO_ADAPTATION,1,,,1,0,0,,,,True,True,0,False,,,False,,,,,0,0,A1->A2|A2->A3|A4->A2
4,B5_RASE,S1_REPLACEMENT_PASS,COMMIT,COMMIT,1,A2|A3,A2|A3,1,1,0,1.0,1.0,1.0,True,True,2,False,,,False,,,,,0,0,A1->A2_prime|A2_prime->A3|A4->A2
4,B5_RASE,S2_REPLACEMENT_FAIL,ROLLBACK,ROLLBACK,1,A2|A3,A2|A3,1,1,0,1.0,1.0,1.0,False,False,2,True,,,False,,,,,0,0,A1->A2|A2->A3|A4->A2
4,B5_RASE,S3_NO_REPLACEMENT,NO_REPLACEMENT,NO_REPLACEMENT,1,A2|A3,A2|A3,1,1,0,1.0,1.0,1.0,False,False,0,False,,,False,,,,,0,0,A1->A2|A2->A3|A4->A2
4,B5_RASE,S4_IRRELEVANT_BRANCH,NO_REPLACEMENT,NO_REPLACEMENT,1,A2|A3,A2|A3,1,1,0,1.0,1.0,1.0,False,False,0,False,,,False,,,,,0,0,A1->A2|A2->A3|A4->A2
4,B5_RASE,S5_UNCERTAIN_REPLACEMENT_EVIDENCE,DEFER_UNCERTAIN,DEFER_UNCERTAIN,1,A2|A3,A2|A3,1,0,1,,,,False,False,0,False,,,False,,,0.49999972562924105,,1,0,A1->A2|A2->A3|A4->A2
4,B5_RASE,S6_STALE_EVIDENCE,DEFER_UNCERTAIN,DEFER_UNCERTAIN,1,A2|A3,A2|A3,1,0,1,,,,False,False,0,False,,,False,0.0009765622518027997,UNCERTAIN,0.999999630321572,ASSURED,1,0,A1->A2->A3
4,B5_RASE,S7_CONTRADICTORY_EVIDENCE,DEFER_UNCERTAIN,DEFER_UNCERTAIN,1,A2|A3,A2|A3,1,0,1,,,,False,False,0,False,,,False,0.49999999711188675,UNCERTAIN_CONFLICT,0.99999957255933,ASSURED,1,0,A1->A2->A3
4,B5_RASE,S8_DELAYED_OBSERVATION,COMMIT,COMMIT,1,A2|A3,A2|A3,1,1,0,1.0,1.0,1.0,True,True,2,False,,,False,0.49999996534264096,UNCERTAIN_CONFLICT,1.0,ASSURED,0,0,A1->A2_prime|A2_prime->A3|A4->A2
4,B5_RASE,S9_DEGRADED_AGENT,DEFER_UNCERTAIN,DEFER_UNCERTAIN,1,A2|A3,A2|A3,1,0,1,,,,False,False,0,False,,,False,0.49999999711188675,UNCERTAIN_CONFLICT,0.9999995379019864,ASSURED,1,0,A1->A2->A3
4,B5_RASE,S10_WEAK_REPLACEMENT,DEFER_UNCERTAIN,DEFER_UNCERTAIN,1,A2|A3,A2|A3,1,0,1,,,,False,False,0,False,,,False,,,0.24999996245453054,UNCERTAIN,1,0,A1->A2->A3
4,B6_MAPEK,S0_NORMAL,NO_ADAPTATION,NO_ADAPTATION,1,,,1,0,0,,,,True,True,0,False,,,False,,,,,0,0,A1->A2->A3
4,B6_MAPEK,S1_REPLACEMENT_PASS,COMMIT,COMMIT,1,A2|A3,A2|A3,1,1,0,1.0,1.0,1.0,True,True,2,False,,,False,,,,,0,0,A1->A2_prime->A3
4,B6_MAPEK,S2_REPLACEMENT_FAIL,ROLLBACK,COMMIT,0,A2|A3,A2|A3,1,1,0,1.0,1.0,1.0,True,True,2,False,,,False,,,,,0,0,A1->A2_prime->A3
4,B6_MAPEK,S3_NO_REPLACEMENT,NO_REPLACEMENT,NO_REPLACEMENT,1,A2|A3,A2|A3,1,1,0,1.0,1.0,1.0,False,False,0,False,,,False,,,,,0,0,A1->A2->A3
4,B6_MAPEK,S4_IRRELEVANT_BRANCH,NO_REPLACEMENT,NO_REPLACEMENT,1,A2|A3,A2|A3|A4,0,1,0,0.6666666666666666,1.0,0.8,False,False,0,False,,,False,,,,,0,0,A1->A2->A3|A4->A2
4,B6_MAPEK,S5_UNCERTAIN_REPLACEMENT_EVIDENCE,DEFER_UNCERTAIN,COMMIT,0,A2|A3,A2|A3,1,0,1,,,,True,True,2,False,,,False,,,,,0,1,A1->A2_prime->A3
4,B6_MAPEK,S6_STALE_EVIDENCE,DEFER_UNCERTAIN,COMMIT,0,A2|A3,A2|A3,1,0,1,,,,True,True,2,False,,,False,,,,,0,1,A1->A2_prime->A3
4,B6_MAPEK,S7_CONTRADICTORY_EVIDENCE,DEFER_UNCERTAIN,COMMIT,0,A2|A3,A2|A3,1,0,1,,,,True,True,2,False,,,False,,,,,0,1,A1->A2_prime->A3
4,B6_MAPEK,S8_DELAYED_OBSERVATION,COMMIT,COMMIT,1,A2|A3,A2|A3,1,1,0,1.0,1.0,1.0,True,True,2,False,,,False,,,,,0,0,A1->A2_prime->A3
4,B6_MAPEK,S9_DEGRADED_AGENT,DEFER_UNCERTAIN,COMMIT,0,A2|A3,A2|A3,1,0,1,,,,True,True,2,False,,,False,,,,,0,1,A1->A2_prime->A3
4,B6_MAPEK,S10_WEAK_REPLACEMENT,DEFER_UNCERTAIN,COMMIT,0,A2|A3,A2|A3,1,0,1,,,,True,True,2,False,,,False,,,,,0,1,A1->A2_prime->A3
5,B1_STATIC,S0_NORMAL,NO_ADAPTATION,NO_ADAPTATION,1,,,1,0,0,,,,True,True,0,False,,,False,,,,,0,0,A1->A2->A3
5,B1_STATIC,S1_REPLACEMENT_PASS,COMMIT,FAIL,0,A2|A3,,0,1,0,0.0,0.0,0.0,False,False,0,False,,,False,,,,,0,0,A1->A2->A3
5,B1_STATIC,S2_REPLACEMENT_FAIL,ROLLBACK,FAIL,0,A2|A3,,0,1,0,0.0,0.0,0.0,False,False,0,False,,,False,,,,,0,0,A1->A2->A3
5,B1_STATIC,S3_NO_REPLACEMENT,NO_REPLACEMENT,FAIL,0,A2|A3,,0,1,0,0.0,0.0,0.0,False,False,0,False,,,False,,,,,0,0,A1->A2->A3
5,B1_STATIC,S4_IRRELEVANT_BRANCH,NO_REPLACEMENT,FAIL,0,A2|A3,,0,1,0,0.0,0.0,0.0,False,False,0,False,,,False,,,,,0,0,A1->A2->A3
5,B1_STATIC,S5_UNCERTAIN_REPLACEMENT_EVIDENCE,DEFER_UNCERTAIN,FAIL,0,A2|A3,,0,0,1,,,,False,False,0,False,,,False,,,,,0,0,A1->A2->A3
5,B1_STATIC,S6_STALE_EVIDENCE,DEFER_UNCERTAIN,FAIL,0,A2|A3,,0,0,1,,,,False,False,0,False,,,False,,,,,0,0,A1->A2->A3
5,B1_STATIC,S7_CONTRADICTORY_EVIDENCE,DEFER_UNCERTAIN,FAIL,0,A2|A3,,0,0,1,,,,False,False,0,False,,,False,,,,,0,0,A1->A2->A3
5,B1_STATIC,S8_DELAYED_OBSERVATION,COMMIT,FAIL,0,A2|A3,,0,1,0,0.0,0.0,0.0,False,False,0,False,,,False,,,,,0,0,A1->A2->A3
5,B1_STATIC,S9_DEGRADED_AGENT,DEFER_UNCERTAIN,FAIL,0,A2|A3,,0,0,1,,,,False,False,0,False,,,False,,,,,0,0,A1->A2->A3
5,B1_STATIC,S10_WEAK_REPLACEMENT,DEFER_UNCERTAIN,FAIL,0,A2|A3,,0,0,1,,,,False,False,0,False,,,False,,,,,0,0,A1->A2->A3
5,B2_DYNAMIC,S0_NORMAL,NO_ADAPTATION,NO_ADAPTATION,1,,,1,0,0,,,,True,True,0,False,,,False,,,,,0,0,A1->A2->A3
5,B2_DYNAMIC,S1_REPLACEMENT_PASS,COMMIT,COMMIT,1,A2|A3,A2|A3,1,1,0,1.0,1.0,1.0,True,True,2,False,,,False,,,,,0,0,A1->A2_prime->A3
5,B2_DYNAMIC,S2_REPLACEMENT_FAIL,ROLLBACK,COMMIT,0,A2|A3,A2|A3,1,1,0,1.0,1.0,1.0,True,True,2,False,,,False,,,,,0,0,A1->A2_prime->A3
5,B2_DYNAMIC,S3_NO_REPLACEMENT,NO_REPLACEMENT,COMMIT,0,A2|A3,A2|A3,1,1,0,1.0,1.0,1.0,True,True,2,False,,,False,,,,,0,0,A1->A2_prime->A3
5,B2_DYNAMIC,S4_IRRELEVANT_BRANCH,NO_REPLACEMENT,COMMIT,0,A2|A3,A2|A3,1,1,0,1.0,1.0,1.0,True,True,2,False,,,False,,,,,0,0,A1->A2_prime->A3
5,B2_DYNAMIC,S5_UNCERTAIN_REPLACEMENT_EVIDENCE,DEFER_UNCERTAIN,COMMIT,0,A2|A3,A2|A3,1,0,1,,,,True,True,2,False,,,False,,,,,0,1,A1->A2_prime->A3
5,B2_DYNAMIC,S6_STALE_EVIDENCE,DEFER_UNCERTAIN,COMMIT,0,A2|A3,A2|A3,1,0,1,,,,True,True,2,False,,,False,,,,,0,1,A1->A2_prime->A3
5,B2_DYNAMIC,S7_CONTRADICTORY_EVIDENCE,DEFER_UNCERTAIN,COMMIT,0,A2|A3,A2|A3,1,0,1,,,,True,True,2,False,,,False,,,,,0,1,A1->A2_prime->A3
5,B2_DYNAMIC,S8_DELAYED_OBSERVATION,COMMIT,COMMIT,1,A2|A3,A2|A3,1,1,0,1.0,1.0,1.0,True,True,2,False,,,False,,,,,0,0,A1->A2_prime->A3
5,B2_DYNAMIC,S9_DEGRADED_AGENT,DEFER_UNCERTAIN,COMMIT,0,A2|A3,A2|A3,1,0,1,,,,True,True,2,False,,,False,,,,,0,1,A1->A2_prime->A3
5,B2_DYNAMIC,S10_WEAK_REPLACEMENT,DEFER_UNCERTAIN,COMMIT,0,A2|A3,A2|A3,1,0,1,,,,True,True,2,False,,,False,,,,,0,1,A1->A2_prime->A3
5,B3_UNTYPED,S0_NORMAL,NO_ADAPTATION,NO_ADAPTATION,1,,,1,0,0,,,,True,True,0,False,,,False,,,,,0,0,A1->A2->A3
5,B3_UNTYPED,S1_REPLACEMENT_PASS,COMMIT,COMMIT,1,A2|A3,A2|A3,1,1,0,1.0,1.0,1.0,True,True,2,False,,,False,,,,,0,0,A1->A2_prime->A3
5,B3_UNTYPED,S2_REPLACEMENT_FAIL,ROLLBACK,COMMIT,0,A2|A3,A2|A3,1,1,0,1.0,1.0,1.0,True,True,2,False,,,False,,,,,0,0,A1->A2_prime->A3
5,B3_UNTYPED,S3_NO_REPLACEMENT,NO_REPLACEMENT,COMMIT,0,A2|A3,A2|A3,1,1,0,1.0,1.0,1.0,True,True,2,False,,,False,,,,,0,0,A1->A2_prime->A3
5,B3_UNTYPED,S4_IRRELEVANT_BRANCH,NO_REPLACEMENT,NO_REPLACEMENT,1,A2|A3,A2|A3|A4,0,1,0,0.6666666666666666,1.0,0.8,False,False,0,False,,,False,,,,,0,0,A1->A2->A3|A4->A2
5,B3_UNTYPED,S5_UNCERTAIN_REPLACEMENT_EVIDENCE,DEFER_UNCERTAIN,COMMIT,0,A2|A3,A2|A3,1,0,1,,,,True,True,2,False,,,False,,,,,0,1,A1->A2_prime->A3
5,B3_UNTYPED,S6_STALE_EVIDENCE,DEFER_UNCERTAIN,COMMIT,0,A2|A3,A2|A3,1,0,1,,,,True,True,2,False,,,False,,,,,0,1,A1->A2_prime->A3
5,B3_UNTYPED,S7_CONTRADICTORY_EVIDENCE,DEFER_UNCERTAIN,COMMIT,0,A2|A3,A2|A3,1,0,1,,,,True,True,2,False,,,False,,,,,0,1,A1->A2_prime->A3
5,B3_UNTYPED,S8_DELAYED_OBSERVATION,COMMIT,COMMIT,1,A2|A3,A2|A3|A4,0,1,0,0.6666666666666666,1.0,0.8,True,True,2,False,,,False,,,,,0,0,A1->A2_prime->A3
5,B3_UNTYPED,S9_DEGRADED_AGENT,DEFER_UNCERTAIN,COMMIT,0,A2|A3,A2|A3,1,0,1,,,,True,True,2,False,,,False,,,,,0,1,A1->A2_prime->A3
5,B3_UNTYPED,S10_WEAK_REPLACEMENT,DEFER_UNCERTAIN,COMMIT,0,A2|A3,A2|A3,1,0,1,,,,True,True,2,False,,,False,,,,,0,1,A1->A2_prime->A3
5,B4_RASE_NO_EAS,S0_NORMAL,NO_ADAPTATION,NO_ADAPTATION,1,,,1,0,0,,,,True,True,0,False,,,False,,,,,0,0,A1->A2|A2->A3|A4->A2
5,B4_RASE_NO_EAS,S1_REPLACEMENT_PASS,COMMIT,COMMIT,1,A2|A3,A2|A3,1,1,0,1.0,1.0,1.0,True,True,2,False,,,False,,,,,0,0,A1->A2_prime|A2_prime->A3|A4->A2
5,B4_RASE_NO_EAS,S2_REPLACEMENT_FAIL,ROLLBACK,COMMIT,0,A2|A3,A2|A3,1,1,0,1.0,1.0,1.0,True,True,2,False,,,False,,,,,0,0,A1->A2_prime|A2_prime->A3|A4->A2
5,B4_RASE_NO_EAS,S3_NO_REPLACEMENT,NO_REPLACEMENT,COMMIT,0,A2|A3,A2|A3,1,1,0,1.0,1.0,1.0,True,True,2,False,,,False,,,,,0,0,A1->A2_prime|A2_prime->A3|A4->A2
5,B4_RASE_NO_EAS,S4_IRRELEVANT_BRANCH,NO_REPLACEMENT,NO_REPLACEMENT,1,A2|A3,A2|A3,1,1,0,1.0,1.0,1.0,False,False,0,False,,,False,,,,,0,0,A1->A2|A2->A3|A4->A2
5,B4_RASE_NO_EAS,S5_UNCERTAIN_REPLACEMENT_EVIDENCE,DEFER_UNCERTAIN,COMMIT,0,A2|A3,A2|A3,1,0,1,,,,True,True,2,False,,,False,,,0.4999997891677326,,0,1,A1->A2_prime|A2_prime->A3|A4->A2
5,B4_RASE_NO_EAS,S6_STALE_EVIDENCE,DEFER_UNCERTAIN,COMMIT,0,A2|A3,A2|A3,1,0,1,,,,True,True,2,False,,,False,,,,,0,1,A1->A2_prime->A3
5,B4_RASE_NO_EAS,S7_CONTRADICTORY_EVIDENCE,DEFER_UNCERTAIN,COMMIT,0,A2|A3,A2|A3,1,0,1,,,,True,True,2,False,,,False,,,,,0,1,A1->A2_prime->A3
5,B4_RASE_NO_EAS,S8_DELAYED_OBSERVATION,COMMIT,COMMIT,1,A2|A3,A2|A3,1,1,0,1.0,1.0,1.0,True,True,2,False,,,False,,,,,0,0,A1->A2_prime->A3
5,B4_RASE_NO_EAS,S9_DEGRADED_AGENT,DEFER_UNCERTAIN,COMMIT,0,A2|A3,A2|A3,1,0,1,,,,True,True,2,False,,,False,,,,,0,1,A1->A2_prime->A3
5,B4_RASE_NO_EAS,S10_WEAK_REPLACEMENT,DEFER_UNCERTAIN,COMMIT,0,A2|A3,A2|A3,1,0,1,,,,True,True,2,False,,,False,,,,,0,1,A1->A2_prime->A3
5,B5_RASE,S0_NORMAL,NO_ADAPTATION,NO_ADAPTATION,1,,,1,0,0,,,,True,True,0,False,,,False,,,,,0,0,A1->A2|A2->A3|A4->A2
5,B5_RASE,S1_REPLACEMENT_PASS,COMMIT,COMMIT,1,A2|A3,A2|A3,1,1,0,1.0,1.0,1.0,True,True,2,False,,,False,,,,,0,0,A1->A2_prime|A2_prime->A3|A4->A2
5,B5_RASE,S2_REPLACEMENT_FAIL,ROLLBACK,ROLLBACK,1,A2|A3,A2|A3,1,1,0,1.0,1.0,1.0,False,False,2,True,,,False,,,,,0,0,A1->A2|A2->A3|A4->A2
5,B5_RASE,S3_NO_REPLACEMENT,NO_REPLACEMENT,NO_REPLACEMENT,1,A2|A3,A2|A3,1,1,0,1.0,1.0,1.0,False,False,0,False,,,False,,,,,0,0,A1->A2|A2->A3|A4->A2
5,B5_RASE,S4_IRRELEVANT_BRANCH,NO_REPLACEMENT,NO_REPLACEMENT,1,A2|A3,A2|A3,1,1,0,1.0,1.0,1.0,False,False,0,False,,,False,,,,,0,0,A1->A2|A2->A3|A4->A2
5,B5_RASE,S5_UNCERTAIN_REPLACEMENT_EVIDENCE,DEFER_UNCERTAIN,DEFER_UNCERTAIN,1,A2|A3,A2|A3,1,0,1,,,,False,False,0,False,,,False,,,0.4999998093845254,,1,0,A1->A2|A2->A3|A4->A2
5,B5_RASE,S6_STALE_EVIDENCE,DEFER_UNCERTAIN,DEFER_UNCERTAIN,1,A2|A3,A2|A3,1,0,1,,,,False,False,0,False,,,False,0.0009765622292394205,UNCERTAIN,0.9999996072166748,ASSURED,1,0,A1->A2->A3
5,B5_RASE,S7_CONTRADICTORY_EVIDENCE,DEFER_UNCERTAIN,DEFER_UNCERTAIN,1,A2|A3,A2|A3,1,0,1,,,,False,False,0,False,,,False,0.5,UNCERTAIN_CONFLICT,0.9999995263495388,ASSURED,1,0,A1->A2->A3
5,B5_RASE,S8_DELAYED_OBSERVATION,COMMIT,COMMIT,1,A2|A3,A2|A3,1,1,0,1.0,1.0,1.0,True,True,2,False,,,False,0.4999999711188675,UNCERTAIN_CONFLICT,1.0,ASSURED,0,0,A1->A2_prime|A2_prime->A3|A4->A2
5,B5_RASE,S9_DEGRADED_AGENT,DEFER_UNCERTAIN,DEFER_UNCERTAIN,1,A2|A3,A2|A3,1,0,1,,,,False,False,0,False,,,False,0.5,UNCERTAIN_CONFLICT,0.9999995494544341,ASSURED,1,0,A1->A2->A3
5,B5_RASE,S10_WEAK_REPLACEMENT,DEFER_UNCERTAIN,DEFER_UNCERTAIN,1,A2|A3,A2|A3,1,0,1,,,,False,False,0,False,,,False,,,0.24999996534264338,UNCERTAIN,1,0,A1->A2->A3
5,B6_MAPEK,S0_NORMAL,NO_ADAPTATION,NO_ADAPTATION,1,,,1,0,0,,,,True,True,0,False,,,False,,,,,0,0,A1->A2->A3
5,B6_MAPEK,S1_REPLACEMENT_PASS,COMMIT,COMMIT,1,A2|A3,A2|A3,1,1,0,1.0,1.0,1.0,True,True,2,False,,,False,,,,,0,0,A1->A2_prime->A3
5,B6_MAPEK,S2_REPLACEMENT_FAIL,ROLLBACK,COMMIT,0,A2|A3,A2|A3,1,1,0,1.0,1.0,1.0,True,True,2,False,,,False,,,,,0,0,A1->A2_prime->A3
5,B6_MAPEK,S3_NO_REPLACEMENT,NO_REPLACEMENT,NO_REPLACEMENT,1,A2|A3,A2|A3,1,1,0,1.0,1.0,1.0,False,False,0,False,,,False,,,,,0,0,A1->A2->A3
5,B6_MAPEK,S4_IRRELEVANT_BRANCH,NO_REPLACEMENT,NO_REPLACEMENT,1,A2|A3,A2|A3|A4,0,1,0,0.6666666666666666,1.0,0.8,False,False,0,False,,,False,,,,,0,0,A1->A2->A3|A4->A2
5,B6_MAPEK,S5_UNCERTAIN_REPLACEMENT_EVIDENCE,DEFER_UNCERTAIN,COMMIT,0,A2|A3,A2|A3,1,0,1,,,,True,True,2,False,,,False,,,,,0,1,A1->A2_prime->A3
5,B6_MAPEK,S6_STALE_EVIDENCE,DEFER_UNCERTAIN,COMMIT,0,A2|A3,A2|A3,1,0,1,,,,True,True,2,False,,,False,,,,,0,1,A1->A2_prime->A3
5,B6_MAPEK,S7_CONTRADICTORY_EVIDENCE,DEFER_UNCERTAIN,COMMIT,0,A2|A3,A2|A3,1,0,1,,,,True,True,2,False,,,False,,,,,0,1,A1->A2_prime->A3
5,B6_MAPEK,S8_DELAYED_OBSERVATION,COMMIT,COMMIT,1,A2|A3,A2|A3,1,1,0,1.0,1.0,1.0,True,True,2,False,,,False,,,,,0,0,A1->A2_prime->A3
5,B6_MAPEK,S9_DEGRADED_AGENT,DEFER_UNCERTAIN,COMMIT,0,A2|A3,A2|A3,1,0,1,,,,True,True,2,False,,,False,,,,,0,1,A1->A2_prime->A3
5,B6_MAPEK,S10_WEAK_REPLACEMENT,DEFER_UNCERTAIN,COMMIT,0,A2|A3,A2|A3,1,0,1,,,,True,True,2,False,,,False,,,,,0,1,A1->A2_prime->A3
6,B1_STATIC,S0_NORMAL,NO_ADAPTATION,NO_ADAPTATION,1,,,1,0,0,,,,True,True,0,False,,,False,,,,,0,0,A1->A2->A3
6,B1_STATIC,S1_REPLACEMENT_PASS,COMMIT,FAIL,0,A2|A3,,0,1,0,0.0,0.0,0.0,False,False,0,False,,,False,,,,,0,0,A1->A2->A3
6,B1_STATIC,S2_REPLACEMENT_FAIL,ROLLBACK,FAIL,0,A2|A3,,0,1,0,0.0,0.0,0.0,False,False,0,False,,,False,,,,,0,0,A1->A2->A3
6,B1_STATIC,S3_NO_REPLACEMENT,NO_REPLACEMENT,FAIL,0,A2|A3,,0,1,0,0.0,0.0,0.0,False,False,0,False,,,False,,,,,0,0,A1->A2->A3
6,B1_STATIC,S4_IRRELEVANT_BRANCH,NO_REPLACEMENT,FAIL,0,A2|A3,,0,1,0,0.0,0.0,0.0,False,False,0,False,,,False,,,,,0,0,A1->A2->A3
6,B1_STATIC,S5_UNCERTAIN_REPLACEMENT_EVIDENCE,DEFER_UNCERTAIN,FAIL,0,A2|A3,,0,0,1,,,,False,False,0,False,,,False,,,,,0,0,A1->A2->A3
6,B1_STATIC,S6_STALE_EVIDENCE,DEFER_UNCERTAIN,FAIL,0,A2|A3,,0,0,1,,,,False,False,0,False,,,False,,,,,0,0,A1->A2->A3
6,B1_STATIC,S7_CONTRADICTORY_EVIDENCE,DEFER_UNCERTAIN,FAIL,0,A2|A3,,0,0,1,,,,False,False,0,False,,,False,,,,,0,0,A1->A2->A3
6,B1_STATIC,S8_DELAYED_OBSERVATION,COMMIT,FAIL,0,A2|A3,,0,1,0,0.0,0.0,0.0,False,False,0,False,,,False,,,,,0,0,A1->A2->A3
6,B1_STATIC,S9_DEGRADED_AGENT,DEFER_UNCERTAIN,FAIL,0,A2|A3,,0,0,1,,,,False,False,0,False,,,False,,,,,0,0,A1->A2->A3
6,B1_STATIC,S10_WEAK_REPLACEMENT,DEFER_UNCERTAIN,FAIL,0,A2|A3,,0,0,1,,,,False,False,0,False,,,False,,,,,0,0,A1->A2->A3
6,B2_DYNAMIC,S0_NORMAL,NO_ADAPTATION,NO_ADAPTATION,1,,,1,0,0,,,,True,True,0,False,,,False,,,,,0,0,A1->A2->A3
6,B2_DYNAMIC,S1_REPLACEMENT_PASS,COMMIT,COMMIT,1,A2|A3,A2|A3,1,1,0,1.0,1.0,1.0,True,True,2,False,,,False,,,,,0,0,A1->A2_prime->A3
6,B2_DYNAMIC,S2_REPLACEMENT_FAIL,ROLLBACK,COMMIT,0,A2|A3,A2|A3,1,1,0,1.0,1.0,1.0,True,True,2,False,,,False,,,,,0,0,A1->A2_prime->A3
6,B2_DYNAMIC,S3_NO_REPLACEMENT,NO_REPLACEMENT,COMMIT,0,A2|A3,A2|A3,1,1,0,1.0,1.0,1.0,True,True,2,False,,,False,,,,,0,0,A1->A2_prime->A3
6,B2_DYNAMIC,S4_IRRELEVANT_BRANCH,NO_REPLACEMENT,COMMIT,0,A2|A3,A2|A3,1,1,0,1.0,1.0,1.0,True,True,2,False,,,False,,,,,0,0,A1->A2_prime->A3
6,B2_DYNAMIC,S5_UNCERTAIN_REPLACEMENT_EVIDENCE,DEFER_UNCERTAIN,COMMIT,0,A2|A3,A2|A3,1,0,1,,,,True,True,2,False,,,False,,,,,0,1,A1->A2_prime->A3
6,B2_DYNAMIC,S6_STALE_EVIDENCE,DEFER_UNCERTAIN,COMMIT,0,A2|A3,A2|A3,1,0,1,,,,True,True,2,False,,,False,,,,,0,1,A1->A2_prime->A3
6,B2_DYNAMIC,S7_CONTRADICTORY_EVIDENCE,DEFER_UNCERTAIN,COMMIT,0,A2|A3,A2|A3,1,0,1,,,,True,True,2,False,,,False,,,,,0,1,A1->A2_prime->A3
6,B2_DYNAMIC,S8_DELAYED_OBSERVATION,COMMIT,COMMIT,1,A2|A3,A2|A3,1,1,0,1.0,1.0,1.0,True,True,2,False,,,False,,,,,0,0,A1->A2_prime->A3
6,B2_DYNAMIC,S9_DEGRADED_AGENT,DEFER_UNCERTAIN,COMMIT,0,A2|A3,A2|A3,1,0,1,,,,True,True,2,False,,,False,,,,,0,1,A1->A2_prime->A3
6,B2_DYNAMIC,S10_WEAK_REPLACEMENT,DEFER_UNCERTAIN,COMMIT,0,A2|A3,A2|A3,1,0,1,,,,True,True,2,False,,,False,,,,,0,1,A1->A2_prime->A3
6,B3_UNTYPED,S0_NORMAL,NO_ADAPTATION,NO_ADAPTATION,1,,,1,0,0,,,,True,True,0,False,,,False,,,,,0,0,A1->A2->A3
6,B3_UNTYPED,S1_REPLACEMENT_PASS,COMMIT,COMMIT,1,A2|A3,A2|A3,1,1,0,1.0,1.0,1.0,True,True,2,False,,,False,,,,,0,0,A1->A2_prime->A3
6,B3_UNTYPED,S2_REPLACEMENT_FAIL,ROLLBACK,COMMIT,0,A2|A3,A2|A3,1,1,0,1.0,1.0,1.0,True,True,2,False,,,False,,,,,0,0,A1->A2_prime->A3
6,B3_UNTYPED,S3_NO_REPLACEMENT,NO_REPLACEMENT,COMMIT,0,A2|A3,A2|A3,1,1,0,1.0,1.0,1.0,True,True,2,False,,,False,,,,,0,0,A1->A2_prime->A3
6,B3_UNTYPED,S4_IRRELEVANT_BRANCH,NO_REPLACEMENT,NO_REPLACEMENT,1,A2|A3,A2|A3|A4,0,1,0,0.6666666666666666,1.0,0.8,False,False,0,False,,,False,,,,,0,0,A1->A2->A3|A4->A2
6,B3_UNTYPED,S5_UNCERTAIN_REPLACEMENT_EVIDENCE,DEFER_UNCERTAIN,COMMIT,0,A2|A3,A2|A3,1,0,1,,,,True,True,2,False,,,False,,,,,0,1,A1->A2_prime->A3
6,B3_UNTYPED,S6_STALE_EVIDENCE,DEFER_UNCERTAIN,COMMIT,0,A2|A3,A2|A3,1,0,1,,,,True,True,2,False,,,False,,,,,0,1,A1->A2_prime->A3
6,B3_UNTYPED,S7_CONTRADICTORY_EVIDENCE,DEFER_UNCERTAIN,COMMIT,0,A2|A3,A2|A3,1,0,1,,,,True,True,2,False,,,False,,,,,0,1,A1->A2_prime->A3
6,B3_UNTYPED,S8_DELAYED_OBSERVATION,COMMIT,COMMIT,1,A2|A3,A2|A3|A4,0,1,0,0.6666666666666666,1.0,0.8,True,True,2,False,,,False,,,,,0,0,A1->A2_prime->A3
6,B3_UNTYPED,S9_DEGRADED_AGENT,DEFER_UNCERTAIN,COMMIT,0,A2|A3,A2|A3,1,0,1,,,,True,True,2,False,,,False,,,,,0,1,A1->A2_prime->A3
6,B3_UNTYPED,S10_WEAK_REPLACEMENT,DEFER_UNCERTAIN,COMMIT,0,A2|A3,A2|A3,1,0,1,,,,True,True,2,False,,,False,,,,,0,1,A1->A2_prime->A3
6,B4_RASE_NO_EAS,S0_NORMAL,NO_ADAPTATION,NO_ADAPTATION,1,,,1,0,0,,,,True,True,0,False,,,False,,,,,0,0,A1->A2|A2->A3|A4->A2
6,B4_RASE_NO_EAS,S1_REPLACEMENT_PASS,COMMIT,COMMIT,1,A2|A3,A2|A3,1,1,0,1.0,1.0,1.0,True,True,2,False,,,False,,,,,0,0,A1->A2_prime|A2_prime->A3|A4->A2
6,B4_RASE_NO_EAS,S2_REPLACEMENT_FAIL,ROLLBACK,COMMIT,0,A2|A3,A2|A3,1,1,0,1.0,1.0,1.0,True,True,2,False,,,False,,,,,0,0,A1->A2_prime|A2_prime->A3|A4->A2
6,B4_RASE_NO_EAS,S3_NO_REPLACEMENT,NO_REPLACEMENT,COMMIT,0,A2|A3,A2|A3,1,1,0,1.0,1.0,1.0,True,True,2,False,,,False,,,,,0,0,A1->A2_prime|A2_prime->A3|A4->A2
6,B4_RASE_NO_EAS,S4_IRRELEVANT_BRANCH,NO_REPLACEMENT,NO_REPLACEMENT,1,A2|A3,A2|A3,1,1,0,1.0,1.0,1.0,False,False,0,False,,,False,,,,,0,0,A1->A2|A2->A3|A4->A2
6,B4_RASE_NO_EAS,S5_UNCERTAIN_REPLACEMENT_EVIDENCE,DEFER_UNCERTAIN,COMMIT,0,A2|A3,A2|A3,1,0,1,,,,True,True,2,False,,,False,,,0.4999998296013181,,0,1,A1->A2_prime|A2_prime->A3|A4->A2
6,B4_RASE_NO_EAS,S6_STALE_EVIDENCE,DEFER_UNCERTAIN,COMMIT,0,A2|A3,A2|A3,1,0,1,,,,True,True,2,False,,,False,,,,,0,1,A1->A2_prime->A3
6,B4_RASE_NO_EAS,S7_CONTRADICTORY_EVIDENCE,DEFER_UNCERTAIN,COMMIT,0,A2|A3,A2|A3,1,0,1,,,,True,True,2,False,,,False,,,,,0,1,A1->A2_prime->A3
6,B4_RASE_NO_EAS,S8_DELAYED_OBSERVATION,COMMIT,COMMIT,1,A2|A3,A2|A3,1,1,0,1.0,1.0,1.0,True,True,2,False,,,False,,,,,0,0,A1->A2_prime->A3
6,B4_RASE_NO_EAS,S9_DEGRADED_AGENT,DEFER_UNCERTAIN,COMMIT,0,A2|A3,A2|A3,1,0,1,,,,True,True,2,False,,,False,,,,,0,1,A1->A2_prime->A3
6,B4_RASE_NO_EAS,S10_WEAK_REPLACEMENT,DEFER_UNCERTAIN,COMMIT,0,A2|A3,A2|A3,1,0,1,,,,True,True,2,False,,,False,,,,,0,1,A1->A2_prime->A3
6,B5_RASE,S0_NORMAL,NO_ADAPTATION,NO_ADAPTATION,1,,,1,0,0,,,,True,True,0,False,,,False,,,,,0,0,A1->A2|A2->A3|A4->A2
6,B5_RASE,S1_REPLACEMENT_PASS,COMMIT,COMMIT,1,A2|A3,A2|A3,1,1,0,1.0,1.0,1.0,True,True,2,False,,,False,,,,,0,0,A1->A2_prime|A2_prime->A3|A4->A2
6,B5_RASE,S2_REPLACEMENT_FAIL,ROLLBACK,ROLLBACK,1,A2|A3,A2|A3,1,1,0,1.0,1.0,1.0,False,False,2,True,,,False,,,,,0,0,A1->A2|A2->A3|A4->A2
6,B5_RASE,S3_NO_REPLACEMENT,NO_REPLACEMENT,NO_REPLACEMENT,1,A2|A3,A2|A3,1,1,0,1.0,1.0,1.0,False,False,0,False,,,False,,,,,0,0,A1->A2|A2->A3|A4->A2
6,B5_RASE,S4_IRRELEVANT_BRANCH,NO_REPLACEMENT,NO_REPLACEMENT,1,A2|A3,A2|A3,1,1,0,1.0,1.0,1.0,False,False,0,False,,,False,,,,,0,0,A1->A2|A2->A3|A4->A2
6,B5_RASE,S5_UNCERTAIN_REPLACEMENT_EVIDENCE,DEFER_UNCERTAIN,DEFER_UNCERTAIN,1,A2|A3,A2|A3,1,0,1,,,,False,False,0,False,,,False,,,0.4999998209369784,,1,0,A1->A2|A2->A3|A4->A2
6,B5_RASE,S6_STALE_EVIDENCE,DEFER_UNCERTAIN,DEFER_UNCERTAIN,1,A2|A3,A2|A3,1,0,1,,,,False,False,0,False,,,False,0.0009765622630844895,UNCERTAIN,0.9999996187691234,ASSURED,1,0,A1->A2->A3
6,B5_RASE,S7_CONTRADICTORY_EVIDENCE,DEFER_UNCERTAIN,DEFER_UNCERTAIN,1,A2|A3,A2|A3,1,0,1,,,,False,False,0,False,,,False,0.49999999711188675,UNCERTAIN_CONFLICT,0.9999995494544341,ASSURED,1,0,A1->A2->A3
6,B5_RASE,S8_DELAYED_OBSERVATION,COMMIT,COMMIT,1,A2|A3,A2|A3,1,1,0,1.0,1.0,1.0,True,True,2,False,,,False,0.4999999740069807,UNCERTAIN_CONFLICT,1.0,ASSURED,0,0,A1->A2_prime|A2_prime->A3|A4->A2
6,B5_RASE,S9_DEGRADED_AGENT,DEFER_UNCERTAIN,DEFER_UNCERTAIN,1,A2|A3,A2|A3,1,0,1,,,,False,False,0,False,,,False,0.5,UNCERTAIN_CONFLICT,0.99999957255933,ASSURED,1,0,A1->A2->A3
6,B5_RASE,S10_WEAK_REPLACEMENT,DEFER_UNCERTAIN,DEFER_UNCERTAIN,1,A2|A3,A2|A3,1,0,1,,,,False,False,0,False,,,False,,,0.24999996534264338,UNCERTAIN,1,0,A1->A2->A3
6,B6_MAPEK,S0_NORMAL,NO_ADAPTATION,NO_ADAPTATION,1,,,1,0,0,,,,True,True,0,False,,,False,,,,,0,0,A1->A2->A3
6,B6_MAPEK,S1_REPLACEMENT_PASS,COMMIT,COMMIT,1,A2|A3,A2|A3,1,1,0,1.0,1.0,1.0,True,True,2,False,,,False,,,,,0,0,A1->A2_prime->A3
6,B6_MAPEK,S2_REPLACEMENT_FAIL,ROLLBACK,COMMIT,0,A2|A3,A2|A3,1,1,0,1.0,1.0,1.0,True,True,2,False,,,False,,,,,0,0,A1->A2_prime->A3
6,B6_MAPEK,S3_NO_REPLACEMENT,NO_REPLACEMENT,NO_REPLACEMENT,1,A2|A3,A2|A3,1,1,0,1.0,1.0,1.0,False,False,0,False,,,False,,,,,0,0,A1->A2->A3
6,B6_MAPEK,S4_IRRELEVANT_BRANCH,NO_REPLACEMENT,NO_REPLACEMENT,1,A2|A3,A2|A3|A4,0,1,0,0.6666666666666666,1.0,0.8,False,False,0,False,,,False,,,,,0,0,A1->A2->A3|A4->A2
6,B6_MAPEK,S5_UNCERTAIN_REPLACEMENT_EVIDENCE,DEFER_UNCERTAIN,COMMIT,0,A2|A3,A2|A3,1,0,1,,,,True,True,2,False,,,False,,,,,0,1,A1->A2_prime->A3
6,B6_MAPEK,S6_STALE_EVIDENCE,DEFER_UNCERTAIN,COMMIT,0,A2|A3,A2|A3,1,0,1,,,,True,True,2,False,,,False,,,,,0,1,A1->A2_prime->A3
6,B6_MAPEK,S7_CONTRADICTORY_EVIDENCE,DEFER_UNCERTAIN,COMMIT,0,A2|A3,A2|A3,1,0,1,,,,True,True,2,False,,,False,,,,,0,1,A1->A2_prime->A3
6,B6_MAPEK,S8_DELAYED_OBSERVATION,COMMIT,COMMIT,1,A2|A3,A2|A3,1,1,0,1.0,1.0,1.0,True,True,2,False,,,False,,,,,0,0,A1->A2_prime->A3
6,B6_MAPEK,S9_DEGRADED_AGENT,DEFER_UNCERTAIN,COMMIT,0,A2|A3,A2|A3,1,0,1,,,,True,True,2,False,,,False,,,,,0,1,A1->A2_prime->A3
6,B6_MAPEK,S10_WEAK_REPLACEMENT,DEFER_UNCERTAIN,COMMIT,0,A2|A3,A2|A3,1,0,1,,,,True,True,2,False,,,False,,,,,0,1,A1->A2_prime->A3
7,B1_STATIC,S0_NORMAL,NO_ADAPTATION,NO_ADAPTATION,1,,,1,0,0,,,,True,True,0,False,,,False,,,,,0,0,A1->A2->A3
7,B1_STATIC,S1_REPLACEMENT_PASS,COMMIT,FAIL,0,A2|A3,,0,1,0,0.0,0.0,0.0,False,False,0,False,,,False,,,,,0,0,A1->A2->A3
7,B1_STATIC,S2_REPLACEMENT_FAIL,ROLLBACK,FAIL,0,A2|A3,,0,1,0,0.0,0.0,0.0,False,False,0,False,,,False,,,,,0,0,A1->A2->A3
7,B1_STATIC,S3_NO_REPLACEMENT,NO_REPLACEMENT,FAIL,0,A2|A3,,0,1,0,0.0,0.0,0.0,False,False,0,False,,,False,,,,,0,0,A1->A2->A3
7,B1_STATIC,S4_IRRELEVANT_BRANCH,NO_REPLACEMENT,FAIL,0,A2|A3,,0,1,0,0.0,0.0,0.0,False,False,0,False,,,False,,,,,0,0,A1->A2->A3
7,B1_STATIC,S5_UNCERTAIN_REPLACEMENT_EVIDENCE,DEFER_UNCERTAIN,FAIL,0,A2|A3,,0,0,1,,,,False,False,0,False,,,False,,,,,0,0,A1->A2->A3
7,B1_STATIC,S6_STALE_EVIDENCE,DEFER_UNCERTAIN,FAIL,0,A2|A3,,0,0,1,,,,False,False,0,False,,,False,,,,,0,0,A1->A2->A3
7,B1_STATIC,S7_CONTRADICTORY_EVIDENCE,DEFER_UNCERTAIN,FAIL,0,A2|A3,,0,0,1,,,,False,False,0,False,,,False,,,,,0,0,A1->A2->A3
7,B1_STATIC,S8_DELAYED_OBSERVATION,COMMIT,FAIL,0,A2|A3,,0,1,0,0.0,0.0,0.0,False,False,0,False,,,False,,,,,0,0,A1->A2->A3
7,B1_STATIC,S9_DEGRADED_AGENT,DEFER_UNCERTAIN,FAIL,0,A2|A3,,0,0,1,,,,False,False,0,False,,,False,,,,,0,0,A1->A2->A3
7,B1_STATIC,S10_WEAK_REPLACEMENT,DEFER_UNCERTAIN,FAIL,0,A2|A3,,0,0,1,,,,False,False,0,False,,,False,,,,,0,0,A1->A2->A3
7,B2_DYNAMIC,S0_NORMAL,NO_ADAPTATION,NO_ADAPTATION,1,,,1,0,0,,,,True,True,0,False,,,False,,,,,0,0,A1->A2->A3
7,B2_DYNAMIC,S1_REPLACEMENT_PASS,COMMIT,COMMIT,1,A2|A3,A2|A3,1,1,0,1.0,1.0,1.0,True,True,2,False,,,False,,,,,0,0,A1->A2_prime->A3
7,B2_DYNAMIC,S2_REPLACEMENT_FAIL,ROLLBACK,COMMIT,0,A2|A3,A2|A3,1,1,0,1.0,1.0,1.0,True,True,2,False,,,False,,,,,0,0,A1->A2_prime->A3
7,B2_DYNAMIC,S3_NO_REPLACEMENT,NO_REPLACEMENT,COMMIT,0,A2|A3,A2|A3,1,1,0,1.0,1.0,1.0,True,True,2,False,,,False,,,,,0,0,A1->A2_prime->A3
7,B2_DYNAMIC,S4_IRRELEVANT_BRANCH,NO_REPLACEMENT,COMMIT,0,A2|A3,A2|A3,1,1,0,1.0,1.0,1.0,True,True,2,False,,,False,,,,,0,0,A1->A2_prime->A3
7,B2_DYNAMIC,S5_UNCERTAIN_REPLACEMENT_EVIDENCE,DEFER_UNCERTAIN,COMMIT,0,A2|A3,A2|A3,1,0,1,,,,True,True,2,False,,,False,,,,,0,1,A1->A2_prime->A3
7,B2_DYNAMIC,S6_STALE_EVIDENCE,DEFER_UNCERTAIN,COMMIT,0,A2|A3,A2|A3,1,0,1,,,,True,True,2,False,,,False,,,,,0,1,A1->A2_prime->A3
7,B2_DYNAMIC,S7_CONTRADICTORY_EVIDENCE,DEFER_UNCERTAIN,COMMIT,0,A2|A3,A2|A3,1,0,1,,,,True,True,2,False,,,False,,,,,0,1,A1->A2_prime->A3
7,B2_DYNAMIC,S8_DELAYED_OBSERVATION,COMMIT,COMMIT,1,A2|A3,A2|A3,1,1,0,1.0,1.0,1.0,True,True,2,False,,,False,,,,,0,0,A1->A2_prime->A3
7,B2_DYNAMIC,S9_DEGRADED_AGENT,DEFER_UNCERTAIN,COMMIT,0,A2|A3,A2|A3,1,0,1,,,,True,True,2,False,,,False,,,,,0,1,A1->A2_prime->A3
7,B2_DYNAMIC,S10_WEAK_REPLACEMENT,DEFER_UNCERTAIN,COMMIT,0,A2|A3,A2|A3,1,0,1,,,,True,True,2,False,,,False,,,,,0,1,A1->A2_prime->A3
7,B3_UNTYPED,S0_NORMAL,NO_ADAPTATION,NO_ADAPTATION,1,,,1,0,0,,,,True,True,0,False,,,False,,,,,0,0,A1->A2->A3
7,B3_UNTYPED,S1_REPLACEMENT_PASS,COMMIT,COMMIT,1,A2|A3,A2|A3,1,1,0,1.0,1.0,1.0,True,True,2,False,,,False,,,,,0,0,A1->A2_prime->A3
7,B3_UNTYPED,S2_REPLACEMENT_FAIL,ROLLBACK,COMMIT,0,A2|A3,A2|A3,1,1,0,1.0,1.0,1.0,True,True,2,False,,,False,,,,,0,0,A1->A2_prime->A3
7,B3_UNTYPED,S3_NO_REPLACEMENT,NO_REPLACEMENT,COMMIT,0,A2|A3,A2|A3,1,1,0,1.0,1.0,1.0,True,True,2,False,,,False,,,,,0,0,A1->A2_prime->A3
7,B3_UNTYPED,S4_IRRELEVANT_BRANCH,NO_REPLACEMENT,NO_REPLACEMENT,1,A2|A3,A2|A3|A4,0,1,0,0.6666666666666666,1.0,0.8,False,False,0,False,,,False,,,,,0,0,A1->A2->A3|A4->A2
7,B3_UNTYPED,S5_UNCERTAIN_REPLACEMENT_EVIDENCE,DEFER_UNCERTAIN,COMMIT,0,A2|A3,A2|A3,1,0,1,,,,True,True,2,False,,,False,,,,,0,1,A1->A2_prime->A3
7,B3_UNTYPED,S6_STALE_EVIDENCE,DEFER_UNCERTAIN,COMMIT,0,A2|A3,A2|A3,1,0,1,,,,True,True,2,False,,,False,,,,,0,1,A1->A2_prime->A3
7,B3_UNTYPED,S7_CONTRADICTORY_EVIDENCE,DEFER_UNCERTAIN,COMMIT,0,A2|A3,A2|A3,1,0,1,,,,True,True,2,False,,,False,,,,,0,1,A1->A2_prime->A3
7,B3_UNTYPED,S8_DELAYED_OBSERVATION,COMMIT,COMMIT,1,A2|A3,A2|A3|A4,0,1,0,0.6666666666666666,1.0,0.8,True,True,2,False,,,False,,,,,0,0,A1->A2_prime->A3
7,B3_UNTYPED,S9_DEGRADED_AGENT,DEFER_UNCERTAIN,COMMIT,0,A2|A3,A2|A3,1,0,1,,,,True,True,2,False,,,False,,,,,0,1,A1->A2_prime->A3
7,B3_UNTYPED,S10_WEAK_REPLACEMENT,DEFER_UNCERTAIN,COMMIT,0,A2|A3,A2|A3,1,0,1,,,,True,True,2,False,,,False,,,,,0,1,A1->A2_prime->A3
7,B4_RASE_NO_EAS,S0_NORMAL,NO_ADAPTATION,NO_ADAPTATION,1,,,1,0,0,,,,True,True,0,False,,,False,,,,,0,0,A1->A2|A2->A3|A4->A2
7,B4_RASE_NO_EAS,S1_REPLACEMENT_PASS,COMMIT,COMMIT,1,A2|A3,A2|A3,1,1,0,1.0,1.0,1.0,True,True,2,False,,,False,,,,,0,0,A1->A2_prime|A2_prime->A3|A4->A2
7,B4_RASE_NO_EAS,S2_REPLACEMENT_FAIL,ROLLBACK,COMMIT,0,A2|A3,A2|A3,1,1,0,1.0,1.0,1.0,True,True,2,False,,,False,,,,,0,0,A1->A2_prime|A2_prime->A3|A4->A2
7,B4_RASE_NO_EAS,S3_NO_REPLACEMENT,NO_REPLACEMENT,COMMIT,0,A2|A3,A2|A3,1,1,0,1.0,1.0,1.0,True,True,2,False,,,False,,,,,0,0,A1->A2_prime|A2_prime->A3|A4->A2
7,B4_RASE_NO_EAS,S4_IRRELEVANT_BRANCH,NO_REPLACEMENT,NO_REPLACEMENT,1,A2|A3,A2|A3,1,1,0,1.0,1.0,1.0,False,False,0,False,,,False,,,,,0,0,A1->A2|A2->A3|A4->A2
7,B4_RASE_NO_EAS,S5_UNCERTAIN_REPLACEMENT_EVIDENCE,DEFER_UNCERTAIN,COMMIT,0,A2|A3,A2|A3,1,0,1,,,,True,True,2,False,,,False,,,0.49999865702733765,,0,1,A1->A2_prime|A2_prime->A3|A4->A2
7,B4_RASE_NO_EAS,S6_STALE_EVIDENCE,DEFER_UNCERTAIN,COMMIT,0,A2|A3,A2|A3,1,0,1,,,,True,True,2,False,,,False,,,,,0,1,A1->A2_prime->A3
7,B4_RASE_NO_EAS,S7_CONTRADICTORY_EVIDENCE,DEFER_UNCERTAIN,COMMIT,0,A2|A3,A2|A3,1,0,1,,,,True,True,2,False,,,False,,,,,0,1,A1->A2_prime->A3
7,B4_RASE_NO_EAS,S8_DELAYED_OBSERVATION,COMMIT,COMMIT,1,A2|A3,A2|A3,1,1,0,1.0,1.0,1.0,True,True,2,False,,,False,,,,,0,0,A1->A2_prime->A3
7,B4_RASE_NO_EAS,S9_DEGRADED_AGENT,DEFER_UNCERTAIN,COMMIT,0,A2|A3,A2|A3,1,0,1,,,,True,True,2,False,,,False,,,,,0,1,A1->A2_prime->A3
7,B4_RASE_NO_EAS,S10_WEAK_REPLACEMENT,DEFER_UNCERTAIN,COMMIT,0,A2|A3,A2|A3,1,0,1,,,,True,True,2,False,,,False,,,,,0,1,A1->A2_prime->A3
7,B5_RASE,S0_NORMAL,NO_ADAPTATION,NO_ADAPTATION,1,,,1,0,0,,,,True,True,0,False,,,False,,,,,0,0,A1->A2|A2->A3|A4->A2
7,B5_RASE,S1_REPLACEMENT_PASS,COMMIT,COMMIT,1,A2|A3,A2|A3,1,1,0,1.0,1.0,1.0,True,True,2,False,,,False,,,,,0,0,A1->A2_prime|A2_prime->A3|A4->A2
7,B5_RASE,S2_REPLACEMENT_FAIL,ROLLBACK,ROLLBACK,1,A2|A3,A2|A3,1,1,0,1.0,1.0,1.0,False,False,2,True,,,False,,,,,0,0,A1->A2|A2->A3|A4->A2
7,B5_RASE,S3_NO_REPLACEMENT,NO_REPLACEMENT,NO_REPLACEMENT,1,A2|A3,A2|A3,1,1,0,1.0,1.0,1.0,False,False,0,False,,,False,,,,,0,0,A1->A2|A2->A3|A4->A2
7,B5_RASE,S4_IRRELEVANT_BRANCH,NO_REPLACEMENT,NO_REPLACEMENT,1,A2|A3,A2|A3,1,1,0,1.0,1.0,1.0,False,False,0,False,,,False,,,,,0,0,A1->A2|A2->A3|A4->A2
7,B5_RASE,S5_UNCERTAIN_REPLACEMENT_EVIDENCE,DEFER_UNCERTAIN,DEFER_UNCERTAIN,1,A2|A3,A2|A3,1,0,1,,,,False,False,0,False,,,False,,,0.4999995552305591,,1,0,A1->A2|A2->A3|A4->A2
7,B5_RASE,S6_STALE_EVIDENCE,DEFER_UNCERTAIN,DEFER_UNCERTAIN,1,A2|A3,A2|A3,1,0,1,,,,False,False,0,False,,,False,0.0009765619020704868,UNCERTAIN,0.9999991104615139,ASSURED,1,0,A1->A2->A3
7,B5_RASE,S7_CONTRADICTORY_EVIDENCE,DEFER_UNCERTAIN,DEFER_UNCERTAIN,1,A2|A3,A2|A3,1,0,1,,,,False,False,0,False,,,False,0.5,UNCERTAIN_CONFLICT,0.9999989487273288,ASSURED,1,0,A1->A2->A3
7,B5_RASE,S8_DELAYED_OBSERVATION,COMMIT,COMMIT,1,A2|A3,A2|A3,1,1,0,1.0,1.0,1.0,True,True,2,False,,,False,0.4999999364615084,UNCERTAIN_CONFLICT,1.0,ASSURED,0,0,A1->A2_prime|A2_prime->A3|A4->A2
7,B5_RASE,S9_DEGRADED_AGENT,DEFER_UNCERTAIN,DEFER_UNCERTAIN,1,A2|A3,A2|A3,1,0,1,,,,False,False,0,False,,,False,0.49999999711188675,UNCERTAIN_CONFLICT,0.9999989718322108,ASSURED,1,0,A1->A2->A3
7,B5_RASE,S10_WEAK_REPLACEMENT,DEFER_UNCERTAIN,DEFER_UNCERTAIN,1,A2|A3,A2|A3,1,0,1,,,,False,False,0,False,,,False,,,0.24999986425871398,UNCERTAIN,1,0,A1->A2->A3
7,B6_MAPEK,S0_NORMAL,NO_ADAPTATION,NO_ADAPTATION,1,,,1,0,0,,,,True,True,0,False,,,False,,,,,0,0,A1->A2->A3
7,B6_MAPEK,S1_REPLACEMENT_PASS,COMMIT,COMMIT,1,A2|A3,A2|A3,1,1,0,1.0,1.0,1.0,True,True,2,False,,,False,,,,,0,0,A1->A2_prime->A3
7,B6_MAPEK,S2_REPLACEMENT_FAIL,ROLLBACK,COMMIT,0,A2|A3,A2|A3,1,1,0,1.0,1.0,1.0,True,True,2,False,,,False,,,,,0,0,A1->A2_prime->A3
7,B6_MAPEK,S3_NO_REPLACEMENT,NO_REPLACEMENT,NO_REPLACEMENT,1,A2|A3,A2|A3,1,1,0,1.0,1.0,1.0,False,False,0,False,,,False,,,,,0,0,A1->A2->A3
7,B6_MAPEK,S4_IRRELEVANT_BRANCH,NO_REPLACEMENT,NO_REPLACEMENT,1,A2|A3,A2|A3|A4,0,1,0,0.6666666666666666,1.0,0.8,False,False,0,False,,,False,,,,,0,0,A1->A2->A3|A4->A2
7,B6_MAPEK,S5_UNCERTAIN_REPLACEMENT_EVIDENCE,DEFER_UNCERTAIN,COMMIT,0,A2|A3,A2|A3,1,0,1,,,,True,True,2,False,,,False,,,,,0,1,A1->A2_prime->A3
7,B6_MAPEK,S6_STALE_EVIDENCE,DEFER_UNCERTAIN,COMMIT,0,A2|A3,A2|A3,1,0,1,,,,True,True,2,False,,,False,,,,,0,1,A1->A2_prime->A3
7,B6_MAPEK,S7_CONTRADICTORY_EVIDENCE,DEFER_UNCERTAIN,COMMIT,0,A2|A3,A2|A3,1,0,1,,,,True,True,2,False,,,False,,,,,0,1,A1->A2_prime->A3
7,B6_MAPEK,S8_DELAYED_OBSERVATION,COMMIT,COMMIT,1,A2|A3,A2|A3,1,1,0,1.0,1.0,1.0,True,True,2,False,,,False,,,,,0,0,A1->A2_prime->A3
7,B6_MAPEK,S9_DEGRADED_AGENT,DEFER_UNCERTAIN,COMMIT,0,A2|A3,A2|A3,1,0,1,,,,True,True,2,False,,,False,,,,,0,1,A1->A2_prime->A3
7,B6_MAPEK,S10_WEAK_REPLACEMENT,DEFER_UNCERTAIN,COMMIT,0,A2|A3,A2|A3,1,0,1,,,,True,True,2,False,,,False,,,,,0,1,A1->A2_prime->A3
8,B1_STATIC,S0_NORMAL,NO_ADAPTATION,NO_ADAPTATION,1,,,1,0,0,,,,True,True,0,False,,,False,,,,,0,0,A1->A2->A3
8,B1_STATIC,S1_REPLACEMENT_PASS,COMMIT,FAIL,0,A2|A3,,0,1,0,0.0,0.0,0.0,False,False,0,False,,,False,,,,,0,0,A1->A2->A3
8,B1_STATIC,S2_REPLACEMENT_FAIL,ROLLBACK,FAIL,0,A2|A3,,0,1,0,0.0,0.0,0.0,False,False,0,False,,,False,,,,,0,0,A1->A2->A3
8,B1_STATIC,S3_NO_REPLACEMENT,NO_REPLACEMENT,FAIL,0,A2|A3,,0,1,0,0.0,0.0,0.0,False,False,0,False,,,False,,,,,0,0,A1->A2->A3
8,B1_STATIC,S4_IRRELEVANT_BRANCH,NO_REPLACEMENT,FAIL,0,A2|A3,,0,1,0,0.0,0.0,0.0,False,False,0,False,,,False,,,,,0,0,A1->A2->A3
8,B1_STATIC,S5_UNCERTAIN_REPLACEMENT_EVIDENCE,DEFER_UNCERTAIN,FAIL,0,A2|A3,,0,0,1,,,,False,False,0,False,,,False,,,,,0,0,A1->A2->A3
8,B1_STATIC,S6_STALE_EVIDENCE,DEFER_UNCERTAIN,FAIL,0,A2|A3,,0,0,1,,,,False,False,0,False,,,False,,,,,0,0,A1->A2->A3
8,B1_STATIC,S7_CONTRADICTORY_EVIDENCE,DEFER_UNCERTAIN,FAIL,0,A2|A3,,0,0,1,,,,False,False,0,False,,,False,,,,,0,0,A1->A2->A3
8,B1_STATIC,S8_DELAYED_OBSERVATION,COMMIT,FAIL,0,A2|A3,,0,1,0,0.0,0.0,0.0,False,False,0,False,,,False,,,,,0,0,A1->A2->A3
8,B1_STATIC,S9_DEGRADED_AGENT,DEFER_UNCERTAIN,FAIL,0,A2|A3,,0,0,1,,,,False,False,0,False,,,False,,,,,0,0,A1->A2->A3
8,B1_STATIC,S10_WEAK_REPLACEMENT,DEFER_UNCERTAIN,FAIL,0,A2|A3,,0,0,1,,,,False,False,0,False,,,False,,,,,0,0,A1->A2->A3
8,B2_DYNAMIC,S0_NORMAL,NO_ADAPTATION,NO_ADAPTATION,1,,,1,0,0,,,,True,True,0,False,,,False,,,,,0,0,A1->A2->A3
8,B2_DYNAMIC,S1_REPLACEMENT_PASS,COMMIT,COMMIT,1,A2|A3,A2|A3,1,1,0,1.0,1.0,1.0,True,True,2,False,,,False,,,,,0,0,A1->A2_prime->A3
8,B2_DYNAMIC,S2_REPLACEMENT_FAIL,ROLLBACK,COMMIT,0,A2|A3,A2|A3,1,1,0,1.0,1.0,1.0,True,True,2,False,,,False,,,,,0,0,A1->A2_prime->A3
8,B2_DYNAMIC,S3_NO_REPLACEMENT,NO_REPLACEMENT,COMMIT,0,A2|A3,A2|A3,1,1,0,1.0,1.0,1.0,True,True,2,False,,,False,,,,,0,0,A1->A2_prime->A3
8,B2_DYNAMIC,S4_IRRELEVANT_BRANCH,NO_REPLACEMENT,COMMIT,0,A2|A3,A2|A3,1,1,0,1.0,1.0,1.0,True,True,2,False,,,False,,,,,0,0,A1->A2_prime->A3
8,B2_DYNAMIC,S5_UNCERTAIN_REPLACEMENT_EVIDENCE,DEFER_UNCERTAIN,COMMIT,0,A2|A3,A2|A3,1,0,1,,,,True,True,2,False,,,False,,,,,0,1,A1->A2_prime->A3
8,B2_DYNAMIC,S6_STALE_EVIDENCE,DEFER_UNCERTAIN,COMMIT,0,A2|A3,A2|A3,1,0,1,,,,True,True,2,False,,,False,,,,,0,1,A1->A2_prime->A3
8,B2_DYNAMIC,S7_CONTRADICTORY_EVIDENCE,DEFER_UNCERTAIN,COMMIT,0,A2|A3,A2|A3,1,0,1,,,,True,True,2,False,,,False,,,,,0,1,A1->A2_prime->A3
8,B2_DYNAMIC,S8_DELAYED_OBSERVATION,COMMIT,COMMIT,1,A2|A3,A2|A3,1,1,0,1.0,1.0,1.0,True,True,2,False,,,False,,,,,0,0,A1->A2_prime->A3
8,B2_DYNAMIC,S9_DEGRADED_AGENT,DEFER_UNCERTAIN,COMMIT,0,A2|A3,A2|A3,1,0,1,,,,True,True,2,False,,,False,,,,,0,1,A1->A2_prime->A3
8,B2_DYNAMIC,S10_WEAK_REPLACEMENT,DEFER_UNCERTAIN,COMMIT,0,A2|A3,A2|A3,1,0,1,,,,True,True,2,False,,,False,,,,,0,1,A1->A2_prime->A3
8,B3_UNTYPED,S0_NORMAL,NO_ADAPTATION,NO_ADAPTATION,1,,,1,0,0,,,,True,True,0,False,,,False,,,,,0,0,A1->A2->A3
8,B3_UNTYPED,S1_REPLACEMENT_PASS,COMMIT,COMMIT,1,A2|A3,A2|A3,1,1,0,1.0,1.0,1.0,True,True,2,False,,,False,,,,,0,0,A1->A2_prime->A3
8,B3_UNTYPED,S2_REPLACEMENT_FAIL,ROLLBACK,COMMIT,0,A2|A3,A2|A3,1,1,0,1.0,1.0,1.0,True,True,2,False,,,False,,,,,0,0,A1->A2_prime->A3
8,B3_UNTYPED,S3_NO_REPLACEMENT,NO_REPLACEMENT,COMMIT,0,A2|A3,A2|A3,1,1,0,1.0,1.0,1.0,True,True,2,False,,,False,,,,,0,0,A1->A2_prime->A3
8,B3_UNTYPED,S4_IRRELEVANT_BRANCH,NO_REPLACEMENT,NO_REPLACEMENT,1,A2|A3,A2|A3|A4,0,1,0,0.6666666666666666,1.0,0.8,False,False,0,False,,,False,,,,,0,0,A1->A2->A3|A4->A2
8,B3_UNTYPED,S5_UNCERTAIN_REPLACEMENT_EVIDENCE,DEFER_UNCERTAIN,COMMIT,0,A2|A3,A2|A3,1,0,1,,,,True,True,2,False,,,False,,,,,0,1,A1->A2_prime->A3
8,B3_UNTYPED,S6_STALE_EVIDENCE,DEFER_UNCERTAIN,COMMIT,0,A2|A3,A2|A3,1,0,1,,,,True,True,2,False,,,False,,,,,0,1,A1->A2_prime->A3
8,B3_UNTYPED,S7_CONTRADICTORY_EVIDENCE,DEFER_UNCERTAIN,COMMIT,0,A2|A3,A2|A3,1,0,1,,,,True,True,2,False,,,False,,,,,0,1,A1->A2_prime->A3
8,B3_UNTYPED,S8_DELAYED_OBSERVATION,COMMIT,COMMIT,1,A2|A3,A2|A3|A4,0,1,0,0.6666666666666666,1.0,0.8,True,True,2,False,,,False,,,,,0,0,A1->A2_prime->A3
8,B3_UNTYPED,S9_DEGRADED_AGENT,DEFER_UNCERTAIN,COMMIT,0,A2|A3,A2|A3,1,0,1,,,,True,True,2,False,,,False,,,,,0,1,A1->A2_prime->A3
8,B3_UNTYPED,S10_WEAK_REPLACEMENT,DEFER_UNCERTAIN,COMMIT,0,A2|A3,A2|A3,1,0,1,,,,True,True,2,False,,,False,,,,,0,1,A1->A2_prime->A3
8,B4_RASE_NO_EAS,S0_NORMAL,NO_ADAPTATION,NO_ADAPTATION,1,,,1,0,0,,,,True,True,0,False,,,False,,,,,0,0,A1->A2|A2->A3|A4->A2
8,B4_RASE_NO_EAS,S1_REPLACEMENT_PASS,COMMIT,COMMIT,1,A2|A3,A2|A3,1,1,0,1.0,1.0,1.0,True,True,2,False,,,False,,,,,0,0,A1->A2_prime|A2_prime->A3|A4->A2
8,B4_RASE_NO_EAS,S2_REPLACEMENT_FAIL,ROLLBACK,COMMIT,0,A2|A3,A2|A3,1,1,0,1.0,1.0,1.0,True,True,2,False,,,False,,,,,0,0,A1->A2_prime|A2_prime->A3|A4->A2
8,B4_RASE_NO_EAS,S3_NO_REPLACEMENT,NO_REPLACEMENT,COMMIT,0,A2|A3,A2|A3,1,1,0,1.0,1.0,1.0,True,True,2,False,,,False,,,,,0,0,A1->A2_prime|A2_prime->A3|A4->A2
8,B4_RASE_NO_EAS,S4_IRRELEVANT_BRANCH,NO_REPLACEMENT,NO_REPLACEMENT,1,A2|A3,A2|A3,1,1,0,1.0,1.0,1.0,False,False,0,False,,,False,,,,,0,0,A1->A2|A2->A3|A4->A2
8,B4_RASE_NO_EAS,S5_UNCERTAIN_REPLACEMENT_EVIDENCE,DEFER_UNCERTAIN,COMMIT,0,A2|A3,A2|A3,1,0,1,,,,True,True,2,False,,,False,,,0.499999381943764,,0,1,A1->A2_prime|A2_prime->A3|A4->A2
8,B4_RASE_NO_EAS,S6_STALE_EVIDENCE,DEFER_UNCERTAIN,COMMIT,0,A2|A3,A2|A3,1,0,1,,,,True,True,2,False,,,False,,,,,0,1,A1->A2_prime->A3
8,B4_RASE_NO_EAS,S7_CONTRADICTORY_EVIDENCE,DEFER_UNCERTAIN,COMMIT,0,A2|A3,A2|A3,1,0,1,,,,True,True,2,False,,,False,,,,,0,1,A1->A2_prime->A3
8,B4_RASE_NO_EAS,S8_DELAYED_OBSERVATION,COMMIT,COMMIT,1,A2|A3,A2|A3,1,1,0,1.0,1.0,1.0,True,True,2,False,,,False,,,,,0,0,A1->A2_prime->A3
8,B4_RASE_NO_EAS,S9_DEGRADED_AGENT,DEFER_UNCERTAIN,COMMIT,0,A2|A3,A2|A3,1,0,1,,,,True,True,2,False,,,False,,,,,0,1,A1->A2_prime->A3
8,B4_RASE_NO_EAS,S10_WEAK_REPLACEMENT,DEFER_UNCERTAIN,COMMIT,0,A2|A3,A2|A3,1,0,1,,,,True,True,2,False,,,False,,,,,0,1,A1->A2_prime->A3
8,B5_RASE,S0_NORMAL,NO_ADAPTATION,NO_ADAPTATION,1,,,1,0,0,,,,True,True,0,False,,,False,,,,,0,0,A1->A2|A2->A3|A4->A2
8,B5_RASE,S1_REPLACEMENT_PASS,COMMIT,COMMIT,1,A2|A3,A2|A3,1,1,0,1.0,1.0,1.0,True,True,2,False,,,False,,,,,0,0,A1->A2_prime|A2_prime->A3|A4->A2
8,B5_RASE,S2_REPLACEMENT_FAIL,ROLLBACK,ROLLBACK,1,A2|A3,A2|A3,1,1,0,1.0,1.0,1.0,False,False,2,True,,,False,,,,,0,0,A1->A2|A2->A3|A4->A2
8,B5_RASE,S3_NO_REPLACEMENT,NO_REPLACEMENT,NO_REPLACEMENT,1,A2|A3,A2|A3,1,1,0,1.0,1.0,1.0,False,False,0,False,,,False,,,,,0,0,A1->A2|A2->A3|A4->A2
8,B5_RASE,S4_IRRELEVANT_BRANCH,NO_REPLACEMENT,NO_REPLACEMENT,1,A2|A3,A2|A3,1,1,0,1.0,1.0,1.0,False,False,0,False,,,False,,,,,0,0,A1->A2|A2->A3|A4->A2
8,B5_RASE,S5_UNCERTAIN_REPLACEMENT_EVIDENCE,DEFER_UNCERTAIN,DEFER_UNCERTAIN,1,A2|A3,A2|A3,1,0,1,,,,False,False,0,False,,,False,,,0.4999995552305591,,1,0,A1->A2|A2->A3|A4->A2
8,B5_RASE,S6_STALE_EVIDENCE,DEFER_UNCERTAIN,DEFER_UNCERTAIN,1,A2|A3,A2|A3,1,0,1,,,,False,False,0,False,,,False,0.0009765618005353236,UNCERTAIN,0.9999990180419763,ASSURED,1,0,A1->A2->A3
8,B5_RASE,S7_CONTRADICTORY_EVIDENCE,DEFER_UNCERTAIN,DEFER_UNCERTAIN,1,A2|A3,A2|A3,1,0,1,,,,False,False,0,False,,,False,0.49999999711188675,UNCERTAIN_CONFLICT,0.9999989602797696,ASSURED,1,0,A1->A2->A3
8,B5_RASE,S8_DELAYED_OBSERVATION,COMMIT,COMMIT,1,A2|A3,A2|A3,1,1,0,1.0,1.0,1.0,True,True,2,False,,,False,0.49999993934962167,UNCERTAIN_CONFLICT,1.0,ASSURED,0,0,A1->A2_prime|A2_prime->A3|A4->A2
8,B5_RASE,S9_DEGRADED_AGENT,DEFER_UNCERTAIN,DEFER_UNCERTAIN,1,A2|A3,A2|A3,1,0,1,,,,False,False,0,False,,,False,0.5,UNCERTAIN_CONFLICT,0.9999978627984771,ASSURED,1,0,A1->A2->A3
8,B5_RASE,S10_WEAK_REPLACEMENT,DEFER_UNCERTAIN,DEFER_UNCERTAIN,1,A2|A3,A2|A3,1,0,1,,,,False,False,0,False,,,False,,,0.24999991624472973,UNCERTAIN,1,0,A1->A2->A3
8,B6_MAPEK,S0_NORMAL,NO_ADAPTATION,NO_ADAPTATION,1,,,1,0,0,,,,True,True,0,False,,,False,,,,,0,0,A1->A2->A3
8,B6_MAPEK,S1_REPLACEMENT_PASS,COMMIT,COMMIT,1,A2|A3,A2|A3,1,1,0,1.0,1.0,1.0,True,True,2,False,,,False,,,,,0,0,A1->A2_prime->A3
8,B6_MAPEK,S2_REPLACEMENT_FAIL,ROLLBACK,COMMIT,0,A2|A3,A2|A3,1,1,0,1.0,1.0,1.0,True,True,2,False,,,False,,,,,0,0,A1->A2_prime->A3
8,B6_MAPEK,S3_NO_REPLACEMENT,NO_REPLACEMENT,NO_REPLACEMENT,1,A2|A3,A2|A3,1,1,0,1.0,1.0,1.0,False,False,0,False,,,False,,,,,0,0,A1->A2->A3
8,B6_MAPEK,S4_IRRELEVANT_BRANCH,NO_REPLACEMENT,NO_REPLACEMENT,1,A2|A3,A2|A3|A4,0,1,0,0.6666666666666666,1.0,0.8,False,False,0,False,,,False,,,,,0,0,A1->A2->A3|A4->A2
8,B6_MAPEK,S5_UNCERTAIN_REPLACEMENT_EVIDENCE,DEFER_UNCERTAIN,COMMIT,0,A2|A3,A2|A3,1,0,1,,,,True,True,2,False,,,False,,,,,0,1,A1->A2_prime->A3
8,B6_MAPEK,S6_STALE_EVIDENCE,DEFER_UNCERTAIN,COMMIT,0,A2|A3,A2|A3,1,0,1,,,,True,True,2,False,,,False,,,,,0,1,A1->A2_prime->A3
8,B6_MAPEK,S7_CONTRADICTORY_EVIDENCE,DEFER_UNCERTAIN,COMMIT,0,A2|A3,A2|A3,1,0,1,,,,True,True,2,False,,,False,,,,,0,1,A1->A2_prime->A3
8,B6_MAPEK,S8_DELAYED_OBSERVATION,COMMIT,COMMIT,1,A2|A3,A2|A3,1,1,0,1.0,1.0,1.0,True,True,2,False,,,False,,,,,0,0,A1->A2_prime->A3
8,B6_MAPEK,S9_DEGRADED_AGENT,DEFER_UNCERTAIN,COMMIT,0,A2|A3,A2|A3,1,0,1,,,,True,True,2,False,,,False,,,,,0,1,A1->A2_prime->A3
8,B6_MAPEK,S10_WEAK_REPLACEMENT,DEFER_UNCERTAIN,COMMIT,0,A2|A3,A2|A3,1,0,1,,,,True,True,2,False,,,False,,,,,0,1,A1->A2_prime->A3
9,B1_STATIC,S0_NORMAL,NO_ADAPTATION,NO_ADAPTATION,1,,,1,0,0,,,,True,True,0,False,,,False,,,,,0,0,A1->A2->A3
9,B1_STATIC,S1_REPLACEMENT_PASS,COMMIT,FAIL,0,A2|A3,,0,1,0,0.0,0.0,0.0,False,False,0,False,,,False,,,,,0,0,A1->A2->A3
9,B1_STATIC,S2_REPLACEMENT_FAIL,ROLLBACK,FAIL,0,A2|A3,,0,1,0,0.0,0.0,0.0,False,False,0,False,,,False,,,,,0,0,A1->A2->A3
9,B1_STATIC,S3_NO_REPLACEMENT,NO_REPLACEMENT,FAIL,0,A2|A3,,0,1,0,0.0,0.0,0.0,False,False,0,False,,,False,,,,,0,0,A1->A2->A3
9,B1_STATIC,S4_IRRELEVANT_BRANCH,NO_REPLACEMENT,FAIL,0,A2|A3,,0,1,0,0.0,0.0,0.0,False,False,0,False,,,False,,,,,0,0,A1->A2->A3
9,B1_STATIC,S5_UNCERTAIN_REPLACEMENT_EVIDENCE,DEFER_UNCERTAIN,FAIL,0,A2|A3,,0,0,1,,,,False,False,0,False,,,False,,,,,0,0,A1->A2->A3
9,B1_STATIC,S6_STALE_EVIDENCE,DEFER_UNCERTAIN,FAIL,0,A2|A3,,0,0,1,,,,False,False,0,False,,,False,,,,,0,0,A1->A2->A3
9,B1_STATIC,S7_CONTRADICTORY_EVIDENCE,DEFER_UNCERTAIN,FAIL,0,A2|A3,,0,0,1,,,,False,False,0,False,,,False,,,,,0,0,A1->A2->A3
9,B1_STATIC,S8_DELAYED_OBSERVATION,COMMIT,FAIL,0,A2|A3,,0,1,0,0.0,0.0,0.0,False,False,0,False,,,False,,,,,0,0,A1->A2->A3
9,B1_STATIC,S9_DEGRADED_AGENT,DEFER_UNCERTAIN,FAIL,0,A2|A3,,0,0,1,,,,False,False,0,False,,,False,,,,,0,0,A1->A2->A3
9,B1_STATIC,S10_WEAK_REPLACEMENT,DEFER_UNCERTAIN,FAIL,0,A2|A3,,0,0,1,,,,False,False,0,False,,,False,,,,,0,0,A1->A2->A3
9,B2_DYNAMIC,S0_NORMAL,NO_ADAPTATION,NO_ADAPTATION,1,,,1,0,0,,,,True,True,0,False,,,False,,,,,0,0,A1->A2->A3
9,B2_DYNAMIC,S1_REPLACEMENT_PASS,COMMIT,COMMIT,1,A2|A3,A2|A3,1,1,0,1.0,1.0,1.0,True,True,2,False,,,False,,,,,0,0,A1->A2_prime->A3
9,B2_DYNAMIC,S2_REPLACEMENT_FAIL,ROLLBACK,COMMIT,0,A2|A3,A2|A3,1,1,0,1.0,1.0,1.0,True,True,2,False,,,False,,,,,0,0,A1->A2_prime->A3
9,B2_DYNAMIC,S3_NO_REPLACEMENT,NO_REPLACEMENT,COMMIT,0,A2|A3,A2|A3,1,1,0,1.0,1.0,1.0,True,True,2,False,,,False,,,,,0,0,A1->A2_prime->A3
9,B2_DYNAMIC,S4_IRRELEVANT_BRANCH,NO_REPLACEMENT,COMMIT,0,A2|A3,A2|A3,1,1,0,1.0,1.0,1.0,True,True,2,False,,,False,,,,,0,0,A1->A2_prime->A3
9,B2_DYNAMIC,S5_UNCERTAIN_REPLACEMENT_EVIDENCE,DEFER_UNCERTAIN,COMMIT,0,A2|A3,A2|A3,1,0,1,,,,True,True,2,False,,,False,,,,,0,1,A1->A2_prime->A3
9,B2_DYNAMIC,S6_STALE_EVIDENCE,DEFER_UNCERTAIN,COMMIT,0,A2|A3,A2|A3,1,0,1,,,,True,True,2,False,,,False,,,,,0,1,A1->A2_prime->A3
9,B2_DYNAMIC,S7_CONTRADICTORY_EVIDENCE,DEFER_UNCERTAIN,COMMIT,0,A2|A3,A2|A3,1,0,1,,,,True,True,2,False,,,False,,,,,0,1,A1->A2_prime->A3
9,B2_DYNAMIC,S8_DELAYED_OBSERVATION,COMMIT,COMMIT,1,A2|A3,A2|A3,1,1,0,1.0,1.0,1.0,True,True,2,False,,,False,,,,,0,0,A1->A2_prime->A3
9,B2_DYNAMIC,S9_DEGRADED_AGENT,DEFER_UNCERTAIN,COMMIT,0,A2|A3,A2|A3,1,0,1,,,,True,True,2,False,,,False,,,,,0,1,A1->A2_prime->A3
9,B2_DYNAMIC,S10_WEAK_REPLACEMENT,DEFER_UNCERTAIN,COMMIT,0,A2|A3,A2|A3,1,0,1,,,,True,True,2,False,,,False,,,,,0,1,A1->A2_prime->A3
9,B3_UNTYPED,S0_NORMAL,NO_ADAPTATION,NO_ADAPTATION,1,,,1,0,0,,,,True,True,0,False,,,False,,,,,0,0,A1->A2->A3
9,B3_UNTYPED,S1_REPLACEMENT_PASS,COMMIT,COMMIT,1,A2|A3,A2|A3,1,1,0,1.0,1.0,1.0,True,True,2,False,,,False,,,,,0,0,A1->A2_prime->A3
9,B3_UNTYPED,S2_REPLACEMENT_FAIL,ROLLBACK,COMMIT,0,A2|A3,A2|A3,1,1,0,1.0,1.0,1.0,True,True,2,False,,,False,,,,,0,0,A1->A2_prime->A3
9,B3_UNTYPED,S3_NO_REPLACEMENT,NO_REPLACEMENT,COMMIT,0,A2|A3,A2|A3,1,1,0,1.0,1.0,1.0,True,True,2,False,,,False,,,,,0,0,A1->A2_prime->A3
9,B3_UNTYPED,S4_IRRELEVANT_BRANCH,NO_REPLACEMENT,NO_REPLACEMENT,1,A2|A3,A2|A3|A4,0,1,0,0.6666666666666666,1.0,0.8,False,False,0,False,,,False,,,,,0,0,A1->A2->A3|A4->A2
9,B3_UNTYPED,S5_UNCERTAIN_REPLACEMENT_EVIDENCE,DEFER_UNCERTAIN,COMMIT,0,A2|A3,A2|A3,1,0,1,,,,True,True,2,False,,,False,,,,,0,1,A1->A2_prime->A3
9,B3_UNTYPED,S6_STALE_EVIDENCE,DEFER_UNCERTAIN,COMMIT,0,A2|A3,A2|A3,1,0,1,,,,True,True,2,False,,,False,,,,,0,1,A1->A2_prime->A3
9,B3_UNTYPED,S7_CONTRADICTORY_EVIDENCE,DEFER_UNCERTAIN,COMMIT,0,A2|A3,A2|A3,1,0,1,,,,True,True,2,False,,,False,,,,,0,1,A1->A2_prime->A3
9,B3_UNTYPED,S8_DELAYED_OBSERVATION,COMMIT,COMMIT,1,A2|A3,A2|A3|A4,0,1,0,0.6666666666666666,1.0,0.8,True,True,2,False,,,False,,,,,0,0,A1->A2_prime->A3
9,B3_UNTYPED,S9_DEGRADED_AGENT,DEFER_UNCERTAIN,COMMIT,0,A2|A3,A2|A3,1,0,1,,,,True,True,2,False,,,False,,,,,0,1,A1->A2_prime->A3
9,B3_UNTYPED,S10_WEAK_REPLACEMENT,DEFER_UNCERTAIN,COMMIT,0,A2|A3,A2|A3,1,0,1,,,,True,True,2,False,,,False,,,,,0,1,A1->A2_prime->A3
9,B4_RASE_NO_EAS,S0_NORMAL,NO_ADAPTATION,NO_ADAPTATION,1,,,1,0,0,,,,True,True,0,False,,,False,,,,,0,0,A1->A2|A2->A3|A4->A2
9,B4_RASE_NO_EAS,S1_REPLACEMENT_PASS,COMMIT,COMMIT,1,A2|A3,A2|A3,1,1,0,1.0,1.0,1.0,True,True,2,False,,,False,,,,,0,0,A1->A2_prime|A2_prime->A3|A4->A2
9,B4_RASE_NO_EAS,S2_REPLACEMENT_FAIL,ROLLBACK,COMMIT,0,A2|A3,A2|A3,1,1,0,1.0,1.0,1.0,True,True,2,False,,,False,,,,,0,0,A1->A2_prime|A2_prime->A3|A4->A2
9,B4_RASE_NO_EAS,S3_NO_REPLACEMENT,NO_REPLACEMENT,COMMIT,0,A2|A3,A2|A3,1,1,0,1.0,1.0,1.0,True,True,2,False,,,False,,,,,0,0,A1->A2_prime|A2_prime->A3|A4->A2
9,B4_RASE_NO_EAS,S4_IRRELEVANT_BRANCH,NO_REPLACEMENT,NO_REPLACEMENT,1,A2|A3,A2|A3,1,1,0,1.0,1.0,1.0,False,False,0,False,,,False,,,,,0,0,A1->A2|A2->A3|A4->A2
9,B4_RASE_NO_EAS,S5_UNCERTAIN_REPLACEMENT_EVIDENCE,DEFER_UNCERTAIN,COMMIT,0,A2|A3,A2|A3,1,0,1,,,,True,True,2,False,,,False,,,0.4999995610067856,,0,1,A1->A2_prime|A2_prime->A3|A4->A2
9,B4_RASE_NO_EAS,S6_STALE_EVIDENCE,DEFER_UNCERTAIN,COMMIT,0,A2|A3,A2|A3,1,0,1,,,,True,True,2,False,,,False,,,,,0,1,A1->A2_prime->A3
9,B4_RASE_NO_EAS,S7_CONTRADICTORY_EVIDENCE,DEFER_UNCERTAIN,COMMIT,0,A2|A3,A2|A3,1,0,1,,,,True,True,2,False,,,False,,,,,0,1,A1->A2_prime->A3
9,B4_RASE_NO_EAS,S8_DELAYED_OBSERVATION,COMMIT,COMMIT,1,A2|A3,A2|A3,1,1,0,1.0,1.0,1.0,True,True,2,False,,,False,,,,,0,0,A1->A2_prime->A3
9,B4_RASE_NO_EAS,S9_DEGRADED_AGENT,DEFER_UNCERTAIN,COMMIT,0,A2|A3,A2|A3,1,0,1,,,,True,True,2,False,,,False,,,,,0,1,A1->A2_prime->A3
9,B4_RASE_NO_EAS,S10_WEAK_REPLACEMENT,DEFER_UNCERTAIN,COMMIT,0,A2|A3,A2|A3,1,0,1,,,,True,True,2,False,,,False,,,,,0,1,A1->A2_prime->A3
9,B5_RASE,S0_NORMAL,NO_ADAPTATION,NO_ADAPTATION,1,,,1,0,0,,,,True,True,0,False,,,False,,,,,0,0,A1->A2|A2->A3|A4->A2
9,B5_RASE,S1_REPLACEMENT_PASS,COMMIT,COMMIT,1,A2|A3,A2|A3,1,1,0,1.0,1.0,1.0,True,True,2,False,,,False,,,,,0,0,A1->A2_prime|A2_prime->A3|A4->A2
9,B5_RASE,S2_REPLACEMENT_FAIL,ROLLBACK,ROLLBACK,1,A2|A3,A2|A3,1,1,0,1.0,1.0,1.0,False,False,2,True,,,False,,,,,0,0,A1->A2|A2->A3|A4->A2
9,B5_RASE,S3_NO_REPLACEMENT,NO_REPLACEMENT,NO_REPLACEMENT,1,A2|A3,A2|A3,1,1,0,1.0,1.0,1.0,False,False,0,False,,,False,,,,,0,0,A1->A2|A2->A3|A4->A2
9,B5_RASE,S4_IRRELEVANT_BRANCH,NO_REPLACEMENT,NO_REPLACEMENT,1,A2|A3,A2|A3,1,1,0,1.0,1.0,1.0,False,False,0,False,,,False,,,,,0,0,A1->A2|A2->A3|A4->A2
9,B5_RASE,S5_UNCERTAIN_REPLACEMENT_EVIDENCE,DEFER_UNCERTAIN,DEFER_UNCERTAIN,1,A2|A3,A2|A3,1,0,1,,,,False,False,0,False,,,False,,,0.4999995234613133,,1,0,A1->A2|A2->A3|A4->A2
9,B5_RASE,S6_STALE_EVIDENCE,DEFER_UNCERTAIN,DEFER_UNCERTAIN,1,A2|A3,A2|A3,1,0,1,,,,False,False,0,False,,,False,0.0009765618682254304,UNCERTAIN,0.9999990526993019,ASSURED,1,0,A1->A2->A3
9,B5_RASE,S7_CONTRADICTORY_EVIDENCE,DEFER_UNCERTAIN,DEFER_UNCERTAIN,1,A2|A3,A2|A3,1,0,1,,,,False,False,0,False,,,False,0.49999999711188675,UNCERTAIN_CONFLICT,0.999998937174888,ASSURED,1,0,A1->A2->A3
9,B5_RASE,S8_DELAYED_OBSERVATION,COMMIT,COMMIT,1,A2|A3,A2|A3,1,1,0,1.0,1.0,1.0,True,True,2,False,,,False,0.4999999046922627,UNCERTAIN_CONFLICT,1.0,ASSURED,0,0,A1->A2_prime|A2_prime->A3|A4->A2
9,B5_RASE,S9_DEGRADED_AGENT,DEFER_UNCERTAIN,DEFER_UNCERTAIN,1,A2|A3,A2|A3,1,0,1,,,,False,False,0,False,,,False,0.5,UNCERTAIN_CONFLICT,0.9999989025175664,ASSURED,1,0,A1->A2->A3
9,B5_RASE,S10_WEAK_REPLACEMENT,DEFER_UNCERTAIN,DEFER_UNCERTAIN,1,A2|A3,A2|A3,1,0,1,,,,False,False,0,False,,,False,,,0.24999991624472973,UNCERTAIN,1,0,A1->A2->A3
9,B6_MAPEK,S0_NORMAL,NO_ADAPTATION,NO_ADAPTATION,1,,,1,0,0,,,,True,True,0,False,,,False,,,,,0,0,A1->A2->A3
9,B6_MAPEK,S1_REPLACEMENT_PASS,COMMIT,COMMIT,1,A2|A3,A2|A3,1,1,0,1.0,1.0,1.0,True,True,2,False,,,False,,,,,0,0,A1->A2_prime->A3
9,B6_MAPEK,S2_REPLACEMENT_FAIL,ROLLBACK,COMMIT,0,A2|A3,A2|A3,1,1,0,1.0,1.0,1.0,True,True,2,False,,,False,,,,,0,0,A1->A2_prime->A3
9,B6_MAPEK,S3_NO_REPLACEMENT,NO_REPLACEMENT,NO_REPLACEMENT,1,A2|A3,A2|A3,1,1,0,1.0,1.0,1.0,False,False,0,False,,,False,,,,,0,0,A1->A2->A3
9,B6_MAPEK,S4_IRRELEVANT_BRANCH,NO_REPLACEMENT,NO_REPLACEMENT,1,A2|A3,A2|A3|A4,0,1,0,0.6666666666666666,1.0,0.8,False,False,0,False,,,False,,,,,0,0,A1->A2->A3|A4->A2
9,B6_MAPEK,S5_UNCERTAIN_REPLACEMENT_EVIDENCE,DEFER_UNCERTAIN,COMMIT,0,A2|A3,A2|A3,1,0,1,,,,True,True,2,False,,,False,,,,,0,1,A1->A2_prime->A3
9,B6_MAPEK,S6_STALE_EVIDENCE,DEFER_UNCERTAIN,COMMIT,0,A2|A3,A2|A3,1,0,1,,,,True,True,2,False,,,False,,,,,0,1,A1->A2_prime->A3
9,B6_MAPEK,S7_CONTRADICTORY_EVIDENCE,DEFER_UNCERTAIN,COMMIT,0,A2|A3,A2|A3,1,0,1,,,,True,True,2,False,,,False,,,,,0,1,A1->A2_prime->A3
9,B6_MAPEK,S8_DELAYED_OBSERVATION,COMMIT,COMMIT,1,A2|A3,A2|A3,1,1,0,1.0,1.0,1.0,True,True,2,False,,,False,,,,,0,0,A1->A2_prime->A3
9,B6_MAPEK,S9_DEGRADED_AGENT,DEFER_UNCERTAIN,COMMIT,0,A2|A3,A2|A3,1,0,1,,,,True,True,2,False,,,False,,,,,0,1,A1->A2_prime->A3
9,B6_MAPEK,S10_WEAK_REPLACEMENT,DEFER_UNCERTAIN,COMMIT,0,A2|A3,A2|A3,1,0,1,,,,True,True,2,False,,,False,,,,,0,1,A1->A2_prime->A3
10,B1_STATIC,S0_NORMAL,NO_ADAPTATION,NO_ADAPTATION,1,,,1,0,0,,,,True,True,0,False,,,False,,,,,0,0,A1->A2->A3
10,B1_STATIC,S1_REPLACEMENT_PASS,COMMIT,FAIL,0,A2|A3,,0,1,0,0.0,0.0,0.0,False,False,0,False,,,False,,,,,0,0,A1->A2->A3
10,B1_STATIC,S2_REPLACEMENT_FAIL,ROLLBACK,FAIL,0,A2|A3,,0,1,0,0.0,0.0,0.0,False,False,0,False,,,False,,,,,0,0,A1->A2->A3
10,B1_STATIC,S3_NO_REPLACEMENT,NO_REPLACEMENT,FAIL,0,A2|A3,,0,1,0,0.0,0.0,0.0,False,False,0,False,,,False,,,,,0,0,A1->A2->A3
10,B1_STATIC,S4_IRRELEVANT_BRANCH,NO_REPLACEMENT,FAIL,0,A2|A3,,0,1,0,0.0,0.0,0.0,False,False,0,False,,,False,,,,,0,0,A1->A2->A3
10,B1_STATIC,S5_UNCERTAIN_REPLACEMENT_EVIDENCE,DEFER_UNCERTAIN,FAIL,0,A2|A3,,0,0,1,,,,False,False,0,False,,,False,,,,,0,0,A1->A2->A3
10,B1_STATIC,S6_STALE_EVIDENCE,DEFER_UNCERTAIN,FAIL,0,A2|A3,,0,0,1,,,,False,False,0,False,,,False,,,,,0,0,A1->A2->A3
10,B1_STATIC,S7_CONTRADICTORY_EVIDENCE,DEFER_UNCERTAIN,FAIL,0,A2|A3,,0,0,1,,,,False,False,0,False,,,False,,,,,0,0,A1->A2->A3
10,B1_STATIC,S8_DELAYED_OBSERVATION,COMMIT,FAIL,0,A2|A3,,0,1,0,0.0,0.0,0.0,False,False,0,False,,,False,,,,,0,0,A1->A2->A3
10,B1_STATIC,S9_DEGRADED_AGENT,DEFER_UNCERTAIN,FAIL,0,A2|A3,,0,0,1,,,,False,False,0,False,,,False,,,,,0,0,A1->A2->A3
10,B1_STATIC,S10_WEAK_REPLACEMENT,DEFER_UNCERTAIN,FAIL,0,A2|A3,,0,0,1,,,,False,False,0,False,,,False,,,,,0,0,A1->A2->A3
10,B2_DYNAMIC,S0_NORMAL,NO_ADAPTATION,NO_ADAPTATION,1,,,1,0,0,,,,True,True,0,False,,,False,,,,,0,0,A1->A2->A3
10,B2_DYNAMIC,S1_REPLACEMENT_PASS,COMMIT,COMMIT,1,A2|A3,A2|A3,1,1,0,1.0,1.0,1.0,True,True,2,False,,,False,,,,,0,0,A1->A2_prime->A3
10,B2_DYNAMIC,S2_REPLACEMENT_FAIL,ROLLBACK,COMMIT,0,A2|A3,A2|A3,1,1,0,1.0,1.0,1.0,True,True,2,False,,,False,,,,,0,0,A1->A2_prime->A3
10,B2_DYNAMIC,S3_NO_REPLACEMENT,NO_REPLACEMENT,COMMIT,0,A2|A3,A2|A3,1,1,0,1.0,1.0,1.0,True,True,2,False,,,False,,,,,0,0,A1->A2_prime->A3
10,B2_DYNAMIC,S4_IRRELEVANT_BRANCH,NO_REPLACEMENT,COMMIT,0,A2|A3,A2|A3,1,1,0,1.0,1.0,1.0,True,True,2,False,,,False,,,,,0,0,A1->A2_prime->A3
10,B2_DYNAMIC,S5_UNCERTAIN_REPLACEMENT_EVIDENCE,DEFER_UNCERTAIN,COMMIT,0,A2|A3,A2|A3,1,0,1,,,,True,True,2,False,,,False,,,,,0,1,A1->A2_prime->A3
10,B2_DYNAMIC,S6_STALE_EVIDENCE,DEFER_UNCERTAIN,COMMIT,0,A2|A3,A2|A3,1,0,1,,,,True,True,2,False,,,False,,,,,0,1,A1->A2_prime->A3
10,B2_DYNAMIC,S7_CONTRADICTORY_EVIDENCE,DEFER_UNCERTAIN,COMMIT,0,A2|A3,A2|A3,1,0,1,,,,True,True,2,False,,,False,,,,,0,1,A1->A2_prime->A3
10,B2_DYNAMIC,S8_DELAYED_OBSERVATION,COMMIT,COMMIT,1,A2|A3,A2|A3,1,1,0,1.0,1.0,1.0,True,True,2,False,,,False,,,,,0,0,A1->A2_prime->A3
10,B2_DYNAMIC,S9_DEGRADED_AGENT,DEFER_UNCERTAIN,COMMIT,0,A2|A3,A2|A3,1,0,1,,,,True,True,2,False,,,False,,,,,0,1,A1->A2_prime->A3
10,B2_DYNAMIC,S10_WEAK_REPLACEMENT,DEFER_UNCERTAIN,COMMIT,0,A2|A3,A2|A3,1,0,1,,,,True,True,2,False,,,False,,,,,0,1,A1->A2_prime->A3
10,B3_UNTYPED,S0_NORMAL,NO_ADAPTATION,NO_ADAPTATION,1,,,1,0,0,,,,True,True,0,False,,,False,,,,,0,0,A1->A2->A3
10,B3_UNTYPED,S1_REPLACEMENT_PASS,COMMIT,COMMIT,1,A2|A3,A2|A3,1,1,0,1.0,1.0,1.0,True,True,2,False,,,False,,,,,0,0,A1->A2_prime->A3
10,B3_UNTYPED,S2_REPLACEMENT_FAIL,ROLLBACK,COMMIT,0,A2|A3,A2|A3,1,1,0,1.0,1.0,1.0,True,True,2,False,,,False,,,,,0,0,A1->A2_prime->A3
10,B3_UNTYPED,S3_NO_REPLACEMENT,NO_REPLACEMENT,COMMIT,0,A2|A3,A2|A3,1,1,0,1.0,1.0,1.0,True,True,2,False,,,False,,,,,0,0,A1->A2_prime->A3
10,B3_UNTYPED,S4_IRRELEVANT_BRANCH,NO_REPLACEMENT,NO_REPLACEMENT,1,A2|A3,A2|A3|A4,0,1,0,0.6666666666666666,1.0,0.8,False,False,0,False,,,False,,,,,0,0,A1->A2->A3|A4->A2
10,B3_UNTYPED,S5_UNCERTAIN_REPLACEMENT_EVIDENCE,DEFER_UNCERTAIN,COMMIT,0,A2|A3,A2|A3,1,0,1,,,,True,True,2,False,,,False,,,,,0,1,A1->A2_prime->A3
10,B3_UNTYPED,S6_STALE_EVIDENCE,DEFER_UNCERTAIN,COMMIT,0,A2|A3,A2|A3,1,0,1,,,,True,True,2,False,,,False,,,,,0,1,A1->A2_prime->A3
10,B3_UNTYPED,S7_CONTRADICTORY_EVIDENCE,DEFER_UNCERTAIN,COMMIT,0,A2|A3,A2|A3,1,0,1,,,,True,True,2,False,,,False,,,,,0,1,A1->A2_prime->A3
10,B3_UNTYPED,S8_DELAYED_OBSERVATION,COMMIT,COMMIT,1,A2|A3,A2|A3|A4,0,1,0,0.6666666666666666,1.0,0.8,True,True,2,False,,,False,,,,,0,0,A1->A2_prime->A3
10,B3_UNTYPED,S9_DEGRADED_AGENT,DEFER_UNCERTAIN,COMMIT,0,A2|A3,A2|A3,1,0,1,,,,True,True,2,False,,,False,,,,,0,1,A1->A2_prime->A3
10,B3_UNTYPED,S10_WEAK_REPLACEMENT,DEFER_UNCERTAIN,COMMIT,0,A2|A3,A2|A3,1,0,1,,,,True,True,2,False,,,False,,,,,0,1,A1->A2_prime->A3
10,B4_RASE_NO_EAS,S0_NORMAL,NO_ADAPTATION,NO_ADAPTATION,1,,,1,0,0,,,,True,True,0,False,,,False,,,,,0,0,A1->A2|A2->A3|A4->A2
10,B4_RASE_NO_EAS,S1_REPLACEMENT_PASS,COMMIT,COMMIT,1,A2|A3,A2|A3,1,1,0,1.0,1.0,1.0,True,True,2,False,,,False,,,,,0,0,A1->A2_prime|A2_prime->A3|A4->A2
10,B4_RASE_NO_EAS,S2_REPLACEMENT_FAIL,ROLLBACK,COMMIT,0,A2|A3,A2|A3,1,1,0,1.0,1.0,1.0,True,True,2,False,,,False,,,,,0,0,A1->A2_prime|A2_prime->A3|A4->A2
10,B4_RASE_NO_EAS,S3_NO_REPLACEMENT,NO_REPLACEMENT,COMMIT,0,A2|A3,A2|A3,1,1,0,1.0,1.0,1.0,True,True,2,False,,,False,,,,,0,0,A1->A2_prime|A2_prime->A3|A4->A2
10,B4_RASE_NO_EAS,S4_IRRELEVANT_BRANCH,NO_REPLACEMENT,NO_REPLACEMENT,1,A2|A3,A2|A3,1,1,0,1.0,1.0,1.0,False,False,0,False,,,False,,,,,0,0,A1->A2|A2->A3|A4->A2
10,B4_RASE_NO_EAS,S5_UNCERTAIN_REPLACEMENT_EVIDENCE,DEFER_UNCERTAIN,COMMIT,0,A2|A3,A2|A3,1,0,1,,,,True,True,2,False,,,False,,,0.49999961588093744,,0,1,A1->A2_prime|A2_prime->A3|A4->A2
10,B4_RASE_NO_EAS,S6_STALE_EVIDENCE,DEFER_UNCERTAIN,COMMIT,0,A2|A3,A2|A3,1,0,1,,,,True,True,2,False,,,False,,,,,0,1,A1->A2_prime->A3
10,B4_RASE_NO_EAS,S7_CONTRADICTORY_EVIDENCE,DEFER_UNCERTAIN,COMMIT,0,A2|A3,A2|A3,1,0,1,,,,True,True,2,False,,,False,,,,,0,1,A1->A2_prime->A3
10,B4_RASE_NO_EAS,S8_DELAYED_OBSERVATION,COMMIT,COMMIT,1,A2|A3,A2|A3,1,1,0,1.0,1.0,1.0,True,True,2,False,,,False,,,,,0,0,A1->A2_prime->A3
10,B4_RASE_NO_EAS,S9_DEGRADED_AGENT,DEFER_UNCERTAIN,COMMIT,0,A2|A3,A2|A3,1,0,1,,,,True,True,2,False,,,False,,,,,0,1,A1->A2_prime->A3
10,B4_RASE_NO_EAS,S10_WEAK_REPLACEMENT,DEFER_UNCERTAIN,COMMIT,0,A2|A3,A2|A3,1,0,1,,,,True,True,2,False,,,False,,,,,0,1,A1->A2_prime->A3
10,B5_RASE,S0_NORMAL,NO_ADAPTATION,NO_ADAPTATION,1,,,1,0,0,,,,True,True,0,False,,,False,,,,,0,0,A1->A2|A2->A3|A4->A2
10,B5_RASE,S1_REPLACEMENT_PASS,COMMIT,COMMIT,1,A2|A3,A2|A3,1,1,0,1.0,1.0,1.0,True,True,2,False,,,False,,,,,0,0,A1->A2_prime|A2_prime->A3|A4->A2
10,B5_RASE,S2_REPLACEMENT_FAIL,ROLLBACK,ROLLBACK,1,A2|A3,A2|A3,1,1,0,1.0,1.0,1.0,False,False,2,True,,,False,,,,,0,0,A1->A2|A2->A3|A4->A2
10,B5_RASE,S3_NO_REPLACEMENT,NO_REPLACEMENT,NO_REPLACEMENT,1,A2|A3,A2|A3,1,1,0,1.0,1.0,1.0,False,False,0,False,,,False,,,,,0,0,A1->A2|A2->A3|A4->A2
10,B5_RASE,S4_IRRELEVANT_BRANCH,NO_REPLACEMENT,NO_REPLACEMENT,1,A2|A3,A2|A3,1,1,0,1.0,1.0,1.0,False,False,0,False,,,False,,,,,0,0,A1->A2|A2->A3|A4->A2
10,B5_RASE,S5_UNCERTAIN_REPLACEMENT_EVIDENCE,DEFER_UNCERTAIN,DEFER_UNCERTAIN,1,A2|A3,A2|A3,1,0,1,,,,False,False,0,False,,,False,,,0.49999958699980496,,1,0,A1->A2|A2->A3|A4->A2
10,B5_RASE,S6_STALE_EVIDENCE,DEFER_UNCERTAIN,DEFER_UNCERTAIN,1,A2|A3,A2|A3,1,0,1,,,,False,False,0,False,,,False,0.0009765613605497335,UNCERTAIN,0.9999976086450864,ASSURED,1,0,A1->A2->A3
10,B5_RASE,S7_CONTRADICTORY_EVIDENCE,DEFER_UNCERTAIN,DEFER_UNCERTAIN,1,A2|A3,A2|A3,1,0,1,,,,False,False,0,False,,,False,0.49999997111886746,UNCERTAIN_CONFLICT,0.9999987061261,ASSURED,1,0,A1->A2->A3
10,B5_RASE,S8_DELAYED_OBSERVATION,COMMIT,COMMIT,1,A2|A3,A2|A3,1,1,0,1.0,1.0,1.0,True,True,2,False,,,False,0.499999930685282,UNCERTAIN_CONFLICT,1.0,ASSURED,0,0,A1->A2_prime|A2_prime->A3|A4->A2
10,B5_RASE,S9_DEGRADED_AGENT,DEFER_UNCERTAIN,DEFER_UNCERTAIN,1,A2|A3,A2|A3,1,0,1,,,,False,False,0,False,,,False,0.4999999942237735,UNCERTAIN_CONFLICT,0.999998937174888,ASSURED,1,0,A1->A2->A3
10,B5_RASE,S10_WEAK_REPLACEMENT,DEFER_UNCERTAIN,DEFER_UNCERTAIN,1,A2|A3,A2|A3,1,0,1,,,,False,False,0,False,,,False,,,0.249999907580393,UNCERTAIN,1,0,A1->A2->A3
10,B6_MAPEK,S0_NORMAL,NO_ADAPTATION,NO_ADAPTATION,1,,,1,0,0,,,,True,True,0,False,,,False,,,,,0,0,A1->A2->A3
10,B6_MAPEK,S1_REPLACEMENT_PASS,COMMIT,COMMIT,1,A2|A3,A2|A3,1,1,0,1.0,1.0,1.0,True,True,2,False,,,False,,,,,0,0,A1->A2_prime->A3
10,B6_MAPEK,S2_REPLACEMENT_FAIL,ROLLBACK,COMMIT,0,A2|A3,A2|A3,1,1,0,1.0,1.0,1.0,True,True,2,False,,,False,,,,,0,0,A1->A2_prime->A3
10,B6_MAPEK,S3_NO_REPLACEMENT,NO_REPLACEMENT,NO_REPLACEMENT,1,A2|A3,A2|A3,1,1,0,1.0,1.0,1.0,False,False,0,False,,,False,,,,,0,0,A1->A2->A3
10,B6_MAPEK,S4_IRRELEVANT_BRANCH,NO_REPLACEMENT,NO_REPLACEMENT,1,A2|A3,A2|A3|A4,0,1,0,0.6666666666666666,1.0,0.8,False,False,0,False,,,False,,,,,0,0,A1->A2->A3|A4->A2
10,B6_MAPEK,S5_UNCERTAIN_REPLACEMENT_EVIDENCE,DEFER_UNCERTAIN,COMMIT,0,A2|A3,A2|A3,1,0,1,,,,True,True,2,False,,,False,,,,,0,1,A1->A2_prime->A3
10,B6_MAPEK,S6_STALE_EVIDENCE,DEFER_UNCERTAIN,COMMIT,0,A2|A3,A2|A3,1,0,1,,,,True,True,2,False,,,False,,,,,0,1,A1->A2_prime->A3
10,B6_MAPEK,S7_CONTRADICTORY_EVIDENCE,DEFER_UNCERTAIN,COMMIT,0,A2|A3,A2|A3,1,0,1,,,,True,True,2,False,,,False,,,,,0,1,A1->A2_prime->A3
10,B6_MAPEK,S8_DELAYED_OBSERVATION,COMMIT,COMMIT,1,A2|A3,A2|A3,1,1,0,1.0,1.0,1.0,True,True,2,False,,,False,,,,,0,0,A1->A2_prime->A3
10,B6_MAPEK,S9_DEGRADED_AGENT,DEFER_UNCERTAIN,COMMIT,0,A2|A3,A2|A3,1,0,1,,,,True,True,2,False,,,False,,,,,0,1,A1->A2_prime->A3
10,B6_MAPEK,S10_WEAK_REPLACEMENT,DEFER_UNCERTAIN,COMMIT,0,A2|A3,A2|A3,1,0,1,,,,True,True,2,False,,,False,,,,,0,1,A1->A2_prime->A3
