system,scenario,repetitions,decision_repeatable,impact_repeatable,reconfiguration_repeatable,behavior_repeatable,all_invariants_identical
B1_STATIC,S0_NORMAL,10,1,1,1,1,1
B1_STATIC,S1_REPLACEMENT_PASS,10,1,1,1,1,1
B1_STATIC,S2_REPLACEMENT_FAIL,10,1,1,1,1,1
B1_STATIC,S3_NO_REPLACEMENT,10,1,1,1,1,1
B1_STATIC,S4_IRRELEVANT_BRANCH,10,1,1,1,1,1
B1_STATIC,S5_UNCERTAIN_REPLACEMENT_EVIDENCE,10,1,1,1,1,1
B1_STATIC,S6_STALE_EVIDENCE,10,1,1,1,1,1
B1_STATIC,S7_CONTRADICTORY_EVIDENCE,10,1,1,1,1,1
B1_STATIC,S8_DELAYED_OBSERVATION,10,1,1,1,1,1
B1_STATIC,S9_DEGRADED_AGENT,10,1,1,1,1,1
B1_STATIC,S10_WEAK_REPLACEMENT,10,1,1,1,1,1
B2_DYNAMIC,S0_NORMAL,10,1,1,1,1,1
B2_DYNAMIC,S1_REPLACEMENT_PASS,10,1,1,1,1,1
B2_DYNAMIC,S2_REPLACEMENT_FAIL,10,1,1,1,1,1
B2_DYNAMIC,S3_NO_REPLACEMENT,10,1,1,1,1,1
B2_DYNAMIC,S4_IRRELEVANT_BRANCH,10,1,1,1,1,1
B2_DYNAMIC,S5_UNCERTAIN_REPLACEMENT_EVIDENCE,10,1,1,1,1,1
B2_DYNAMIC,S6_STALE_EVIDENCE,10,1,1,1,1,1
B2_DYNAMIC,S7_CONTRADICTORY_EVIDENCE,10,1,1,1,1,1
B2_DYNAMIC,S8_DELAYED_OBSERVATION,10,1,1,1,1,1
B2_DYNAMIC,S9_DEGRADED_AGENT,10,1,1,1,1,1
B2_DYNAMIC,S10_WEAK_REPLACEMENT,10,1,1,1,1,1
B3_UNTYPED,S0_NORMAL,10,1,1,1,1,1
B3_UNTYPED,S1_REPLACEMENT_PASS,10,1,1,1,1,1
B3_UNTYPED,S2_REPLACEMENT_FAIL,10,1,1,1,1,1
B3_UNTYPED,S3_NO_REPLACEMENT,10,1,1,1,1,1
B3_UNTYPED,S4_IRRELEVANT_BRANCH,10,1,1,1,1,1
B3_UNTYPED,S5_UNCERTAIN_REPLACEMENT_EVIDENCE,10,1,1,1,1,1
B3_UNTYPED,S6_STALE_EVIDENCE,10,1,1,1,1,1
B3_UNTYPED,S7_CONTRADICTORY_EVIDENCE,10,1,1,1,1,1
B3_UNTYPED,S8_DELAYED_OBSERVATION,10,1,1,1,1,1
B3_UNTYPED,S9_DEGRADED_AGENT,10,1,1,1,1,1
B3_UNTYPED,S10_WEAK_REPLACEMENT,10,1,1,1,1,1
B4_RASE_NO_EAS,S0_NORMAL,10,1,1,1,1,1
B4_RASE_NO_EAS,S1_REPLACEMENT_PASS,10,1,1,1,1,1
B4_RASE_NO_EAS,S2_REPLACEMENT_FAIL,10,1,1,1,1,1
B4_RASE_NO_EAS,S3_NO_REPLACEMENT,10,1,1,1,1,1
B4_RASE_NO_EAS,S4_IRRELEVANT_BRANCH,10,1,1,1,1,1
B4_RASE_NO_EAS,S5_UNCERTAIN_REPLACEMENT_EVIDENCE,10,1,1,1,1,1
B4_RASE_NO_EAS,S6_STALE_EVIDENCE,10,1,1,1,1,1
B4_RASE_NO_EAS,S7_CONTRADICTORY_EVIDENCE,10,1,1,1,1,1
B4_RASE_NO_EAS,S8_DELAYED_OBSERVATION,10,1,1,1,1,1
B4_RASE_NO_EAS,S9_DEGRADED_AGENT,10,1,1,1,1,1
B4_RASE_NO_EAS,S10_WEAK_REPLACEMENT,10,1,1,1,1,1
B5_RASE,S0_NORMAL,10,1,1,1,1,1
B5_RASE,S1_REPLACEMENT_PASS,10,1,1,1,1,1
B5_RASE,S2_REPLACEMENT_FAIL,10,1,1,1,1,1
B5_RASE,S3_NO_REPLACEMENT,10,1,1,1,1,1
B5_RASE,S4_IRRELEVANT_BRANCH,10,1,1,1,1,1
B5_RASE,S5_UNCERTAIN_REPLACEMENT_EVIDENCE,10,1,1,1,1,1
B5_RASE,S6_STALE_EVIDENCE,10,1,1,1,1,1
B5_RASE,S7_CONTRADICTORY_EVIDENCE,10,1,1,1,1,1
B5_RASE,S8_DELAYED_OBSERVATION,10,1,1,1,1,1
B5_RASE,S9_DEGRADED_AGENT,10,1,1,1,1,1
B5_RASE,S10_WEAK_REPLACEMENT,10,1,1,1,1,1
B6_MAPEK,S0_NORMAL,10,1,1,1,1,1
B6_MAPEK,S1_REPLACEMENT_PASS,10,1,1,1,1,1
B6_MAPEK,S2_REPLACEMENT_FAIL,10,1,1,1,1,1
B6_MAPEK,S3_NO_REPLACEMENT,10,1,1,1,1,1
B6_MAPEK,S4_IRRELEVANT_BRANCH,10,1,1,1,1,1
B6_MAPEK,S5_UNCERTAIN_REPLACEMENT_EVIDENCE,10,1,1,1,1,1
B6_MAPEK,S6_STALE_EVIDENCE,10,1,1,1,1,1
B6_MAPEK,S7_CONTRADICTORY_EVIDENCE,10,1,1,1,1,1
B6_MAPEK,S8_DELAYED_OBSERVATION,10,1,1,1,1,1
B6_MAPEK,S9_DEGRADED_AGENT,10,1,1,1,1,1
B6_MAPEK,S10_WEAK_REPLACEMENT,10,1,1,1,1,1
