system,scenario,decision,expected_decision,decision_correct,correct_commit,correct_rollback,correct_no_replacement,correct_no_adaptation,uncertainty_case,expected_uncertain,predicted_uncertain,correct_deferral,unsafe_commit,uncertainty_handling_correct,impact_evaluable,raw_impact_precision,raw_impact_recall,raw_impact_f1,impact_precision,impact_recall,impact_f1,impact_set,expected_impact_set,assurance,evidence_status,replacement_assurance,replacement_status,stale_detection,contradiction_detection,weak_replacement_detection,degraded_detection,execution_success,verification_success,adaptation_attempted,verification_attempted,reconfiguration_count,unnecessary_reconfiguration,rollback,premature_adaptation,final_architecture
B1_STATIC,S0_NORMAL,NO_ADAPTATION,NO_ADAPTATION,1,0,0,0,1,0,0,0,0,0,1,0,1.0,1.0,1.0,,,,,,,,,,0,0,0,0,1,1,0,0,0,0,0,False,A1->A2->A3
B2_DYNAMIC,S0_NORMAL,NO_ADAPTATION,NO_ADAPTATION,1,0,0,0,1,0,0,0,0,0,1,0,1.0,1.0,1.0,,,,,,,,,,0,0,0,0,1,1,0,0,0,0,0,False,A1->A2->A3
B3_UNTYPED,S0_NORMAL,NO_ADAPTATION,NO_ADAPTATION,1,0,0,0,1,0,0,0,0,0,1,0,1.0,1.0,1.0,,,,,,,,,,0,0,0,0,1,1,0,0,0,0,0,False,A1->A2->A3
B4_RASE_NO_EAS,S0_NORMAL,NO_ADAPTATION,NO_ADAPTATION,1,0,0,0,1,0,0,0,0,0,1,0,1.0,1.0,1.0,,,,,,,,,,0,0,0,0,1,1,0,0,0,0,0,False,A1->A2|A2->A3|A4->A2
B5_RASE,S0_NORMAL,NO_ADAPTATION,NO_ADAPTATION,1,0,0,0,1,0,0,0,0,0,1,0,1.0,1.0,1.0,,,,,,,,,,0,0,0,0,1,1,0,0,0,0,0,False,A1->A2|A2->A3|A4->A2
B6_MAPEK,S0_NORMAL,NO_ADAPTATION,NO_ADAPTATION,1,0,0,0,1,0,0,0,0,0,1,0,1.0,1.0,1.0,,,,,,,,,,0,0,0,0,1,1,0,0,0,0,0,False,A1->A2->A3
B1_STATIC,S1_REPLACEMENT_PASS,FAIL,COMMIT,0,0,0,0,0,0,0,0,0,0,1,1,0.0,0.0,0.0,0.0,0.0,0.0,,A2|A3,,,,,0,0,0,0,0,0,0,0,0,0,0,False,A1->A2->A3
B2_DYNAMIC,S1_REPLACEMENT_PASS,COMMIT,COMMIT,1,1,0,0,0,0,0,0,0,0,1,1,1.0,1.0,1.0,1.0,1.0,1.0,A2|A3,A2|A3,,,,,0,0,0,0,1,1,1,1,2,0,0,False,A1->A2_prime->A3
B3_UNTYPED,S1_REPLACEMENT_PASS,COMMIT,COMMIT,1,1,0,0,0,0,0,0,0,0,1,1,1.0,1.0,1.0,1.0,1.0,1.0,A2|A3,A2|A3,,,,,0,0,0,0,1,1,1,1,2,0,0,False,A1->A2_prime->A3
B4_RASE_NO_EAS,S1_REPLACEMENT_PASS,COMMIT,COMMIT,1,1,0,0,0,0,0,0,0,0,1,1,1.0,1.0,1.0,1.0,1.0,1.0,A2|A3,A2|A3,,,,,0,0,0,0,1,1,1,1,2,0,0,False,A1->A2_prime|A2_prime->A3|A4->A2
B5_RASE,S1_REPLACEMENT_PASS,COMMIT,COMMIT,1,1,0,0,0,0,0,0,0,0,1,1,1.0,1.0,1.0,1.0,1.0,1.0,A2|A3,A2|A3,,,,,0,0,0,0,1,1,1,1,2,0,0,False,A1->A2_prime|A2_prime->A3|A4->A2
B6_MAPEK,S1_REPLACEMENT_PASS,COMMIT,COMMIT,1,1,0,0,0,0,0,0,0,0,1,1,1.0,1.0,1.0,1.0,1.0,1.0,A2|A3,A2|A3,,,,,0,0,0,0,1,1,1,1,2,0,0,False,A1->A2_prime->A3
B1_STATIC,S2_REPLACEMENT_FAIL,FAIL,ROLLBACK,0,0,0,0,0,0,0,0,0,0,1,1,0.0,0.0,0.0,0.0,0.0,0.0,,A2|A3,,,,,0,0,0,0,0,0,0,0,0,0,0,False,A1->A2->A3
B2_DYNAMIC,S2_REPLACEMENT_FAIL,COMMIT,ROLLBACK,0,0,0,0,0,0,0,0,0,0,1,1,1.0,1.0,1.0,1.0,1.0,1.0,A2|A3,A2|A3,,,,,0,0,0,0,1,1,1,1,2,0,0,False,A1->A2_prime->A3
B3_UNTYPED,S2_REPLACEMENT_FAIL,COMMIT,ROLLBACK,0,0,0,0,0,0,0,0,0,0,1,1,1.0,1.0,1.0,1.0,1.0,1.0,A2|A3,A2|A3,,,,,0,0,0,0,1,1,1,1,2,0,0,False,A1->A2_prime->A3
B4_RASE_NO_EAS,S2_REPLACEMENT_FAIL,COMMIT,ROLLBACK,0,0,0,0,0,0,0,0,0,0,1,1,1.0,1.0,1.0,1.0,1.0,1.0,A2|A3,A2|A3,,,,,0,0,0,0,1,1,1,1,2,0,0,False,A1->A2_prime|A2_prime->A3|A4->A2
B5_RASE,S2_REPLACEMENT_FAIL,ROLLBACK,ROLLBACK,1,0,1,0,0,0,0,0,0,0,1,1,1.0,1.0,1.0,1.0,1.0,1.0,A2|A3,A2|A3,,,,,0,0,0,0,0,0,1,1,2,0,1,False,A1->A2|A2->A3|A4->A2
B6_MAPEK,S2_REPLACEMENT_FAIL,COMMIT,ROLLBACK,0,0,0,0,0,0,0,0,0,0,1,1,1.0,1.0,1.0,1.0,1.0,1.0,A2|A3,A2|A3,,,,,0,0,0,0,1,1,1,1,2,0,0,False,A1->A2_prime->A3
B1_STATIC,S3_NO_REPLACEMENT,FAIL,NO_REPLACEMENT,0,0,0,0,0,0,0,0,0,0,1,1,0.0,0.0,0.0,0.0,0.0,0.0,,A2|A3,,,,,0,0,0,0,0,0,0,0,0,0,0,False,A1->A2->A3
B2_DYNAMIC,S3_NO_REPLACEMENT,COMMIT,NO_REPLACEMENT,0,0,0,0,0,0,0,0,0,0,1,1,1.0,1.0,1.0,1.0,1.0,1.0,A2|A3,A2|A3,,,,,0,0,0,0,1,1,1,1,2,1,0,False,A1->A2_prime->A3
B3_UNTYPED,S3_NO_REPLACEMENT,COMMIT,NO_REPLACEMENT,0,0,0,0,0,0,0,0,0,0,1,1,1.0,1.0,1.0,1.0,1.0,1.0,A2|A3,A2|A3,,,,,0,0,0,0,1,1,1,1,2,1,0,False,A1->A2_prime->A3
B4_RASE_NO_EAS,S3_NO_REPLACEMENT,COMMIT,NO_REPLACEMENT,0,0,0,0,0,0,0,0,0,0,1,1,1.0,1.0,1.0,1.0,1.0,1.0,A2|A3,A2|A3,,,,,0,0,0,0,1,1,1,1,2,1,0,False,A1->A2_prime|A2_prime->A3|A4->A2
B5_RASE,S3_NO_REPLACEMENT,NO_REPLACEMENT,NO_REPLACEMENT,1,0,0,1,0,0,0,0,0,0,1,1,1.0,1.0,1.0,1.0,1.0,1.0,A2|A3,A2|A3,,,,,0,0,0,0,0,0,0,0,0,0,0,False,A1->A2|A2->A3|A4->A2
B6_MAPEK,S3_NO_REPLACEMENT,NO_REPLACEMENT,NO_REPLACEMENT,1,0,0,1,0,0,0,0,0,0,1,1,1.0,1.0,1.0,1.0,1.0,1.0,A2|A3,A2|A3,,,,,0,0,0,0,0,0,0,0,0,0,0,False,A1->A2->A3
B1_STATIC,S4_IRRELEVANT_BRANCH,FAIL,NO_REPLACEMENT,0,0,0,0,0,0,0,0,0,0,1,1,0.0,0.0,0.0,0.0,0.0,0.0,,A2|A3,,,,,0,0,0,0,0,0,0,0,0,0,0,False,A1->A2->A3
B2_DYNAMIC,S4_IRRELEVANT_BRANCH,COMMIT,NO_REPLACEMENT,0,0,0,0,0,0,0,0,0,0,1,1,1.0,1.0,1.0,1.0,1.0,1.0,A2|A3,A2|A3,,,,,0,0,0,0,1,1,1,1,2,1,0,False,A1->A2_prime->A3
B3_UNTYPED,S4_IRRELEVANT_BRANCH,NO_REPLACEMENT,NO_REPLACEMENT,1,0,0,1,0,0,0,0,0,0,1,1,0.6666666666666666,1.0,0.8,0.6666666666666666,1.0,0.8,A2|A3|A4,A2|A3,,,,,0,0,0,0,0,0,0,0,0,0,0,False,A1->A2->A3|A4->A2
B4_RASE_NO_EAS,S4_IRRELEVANT_BRANCH,NO_REPLACEMENT,NO_REPLACEMENT,1,0,0,1,0,0,0,0,0,0,1,1,1.0,1.0,1.0,1.0,1.0,1.0,A2|A3,A2|A3,,,,,0,0,0,0,0,0,0,0,0,0,0,False,A1->A2|A2->A3|A4->A2
B5_RASE,S4_IRRELEVANT_BRANCH,NO_REPLACEMENT,NO_REPLACEMENT,1,0,0,1,0,0,0,0,0,0,1,1,1.0,1.0,1.0,1.0,1.0,1.0,A2|A3,A2|A3,,,,,0,0,0,0,0,0,0,0,0,0,0,False,A1->A2|A2->A3|A4->A2
B6_MAPEK,S4_IRRELEVANT_BRANCH,NO_REPLACEMENT,NO_REPLACEMENT,1,0,0,1,0,0,0,0,0,0,1,1,0.6666666666666666,1.0,0.8,0.6666666666666666,1.0,0.8,A2|A3|A4,A2|A3,,,,,0,0,0,0,0,0,0,0,0,0,0,False,A1->A2->A3|A4->A2
B1_STATIC,S5_UNCERTAIN_REPLACEMENT_EVIDENCE,FAIL,DEFER_UNCERTAIN,0,0,0,0,0,1,1,0,0,0,0,0,0.0,0.0,0.0,,,,,A2|A3,,,,,0,0,0,0,0,0,0,0,0,0,0,False,A1->A2->A3
B2_DYNAMIC,S5_UNCERTAIN_REPLACEMENT_EVIDENCE,COMMIT,DEFER_UNCERTAIN,0,0,0,0,0,1,1,0,0,1,0,0,1.0,1.0,1.0,,,,A2|A3,A2|A3,,,,,0,0,0,0,1,1,1,1,2,1,0,False,A1->A2_prime->A3
B3_UNTYPED,S5_UNCERTAIN_REPLACEMENT_EVIDENCE,COMMIT,DEFER_UNCERTAIN,0,0,0,0,0,1,1,0,0,1,0,0,1.0,1.0,1.0,,,,A2|A3,A2|A3,,,,,0,0,0,0,1,1,1,1,2,1,0,False,A1->A2_prime->A3
B4_RASE_NO_EAS,S5_UNCERTAIN_REPLACEMENT_EVIDENCE,COMMIT,DEFER_UNCERTAIN,0,0,0,0,0,1,1,0,0,1,0,0,1.0,1.0,1.0,,,,A2|A3,A2|A3,,,0.4999990902443255,,0,0,0,0,1,1,1,1,2,1,0,False,A1->A2_prime|A2_prime->A3|A4->A2
B5_RASE,S5_UNCERTAIN_REPLACEMENT_EVIDENCE,DEFER_UNCERTAIN,DEFER_UNCERTAIN,1,0,0,0,0,1,1,1,1,0,1,0,1.0,1.0,1.0,,,,A2|A3,A2|A3,,,0.4999990440345135,,0,0,0,0,0,0,0,0,0,0,0,False,A1->A2|A2->A3|A4->A2
B6_MAPEK,S5_UNCERTAIN_REPLACEMENT_EVIDENCE,COMMIT,DEFER_UNCERTAIN,0,0,0,0,0,1,1,0,0,1,0,0,1.0,1.0,1.0,,,,A2|A3,A2|A3,,,,,0,0,0,0,1,1,1,1,2,1,0,False,A1->A2_prime->A3
B1_STATIC,S6_STALE_EVIDENCE,FAIL,DEFER_UNCERTAIN,0,0,0,0,0,1,1,0,0,0,0,0,0.0,0.0,0.0,,,,,A2|A3,,,,,0,0,0,0,0,0,0,0,0,0,0,False,A1->A2->A3
B2_DYNAMIC,S6_STALE_EVIDENCE,COMMIT,DEFER_UNCERTAIN,0,0,0,0,0,1,1,0,0,1,0,0,1.0,1.0,1.0,,,,A2|A3,A2|A3,,,,,0,0,0,0,1,1,1,1,2,1,0,False,A1->A2_prime->A3
B3_UNTYPED,S6_STALE_EVIDENCE,COMMIT,DEFER_UNCERTAIN,0,0,0,0,0,1,1,0,0,1,0,0,1.0,1.0,1.0,,,,A2|A3,A2|A3,,,,,0,0,0,0,1,1,1,1,2,1,0,False,A1->A2_prime->A3
B4_RASE_NO_EAS,S6_STALE_EVIDENCE,COMMIT,DEFER_UNCERTAIN,0,0,0,0,0,1,1,0,0,1,0,0,1.0,1.0,1.0,,,,A2|A3,A2|A3,,,,,0,0,0,0,1,1,1,1,2,1,0,False,A1->A2_prime->A3
B5_RASE,S6_STALE_EVIDENCE,DEFER_UNCERTAIN,DEFER_UNCERTAIN,1,0,0,0,0,1,1,1,1,0,1,0,1.0,1.0,1.0,,,,A2|A3,A2|A3,0.0009765610333810901,UNCERTAIN,0.9999976201975118,ASSURED,1,0,0,0,0,0,0,0,0,0,0,False,A1->A2->A3
B6_MAPEK,S6_STALE_EVIDENCE,COMMIT,DEFER_UNCERTAIN,0,0,0,0,0,1,1,0,0,1,0,0,1.0,1.0,1.0,,,,A2|A3,A2|A3,,,,,0,0,0,0,1,1,1,1,2,1,0,False,A1->A2_prime->A3
B1_STATIC,S7_CONTRADICTORY_EVIDENCE,FAIL,DEFER_UNCERTAIN,0,0,0,0,0,1,1,0,0,0,0,0,0.0,0.0,0.0,,,,,A2|A3,,,,,0,0,0,0,0,0,0,0,0,0,0,False,A1->A2->A3
B2_DYNAMIC,S7_CONTRADICTORY_EVIDENCE,COMMIT,DEFER_UNCERTAIN,0,0,0,0,0,1,1,0,0,1,0,0,1.0,1.0,1.0,,,,A2|A3,A2|A3,,,,,0,0,0,0,1,1,1,1,2,1,0,False,A1->A2_prime->A3
B3_UNTYPED,S7_CONTRADICTORY_EVIDENCE,COMMIT,DEFER_UNCERTAIN,0,0,0,0,0,1,1,0,0,1,0,0,1.0,1.0,1.0,,,,A2|A3,A2|A3,,,,,0,0,0,0,1,1,1,1,2,1,0,False,A1->A2_prime->A3
B4_RASE_NO_EAS,S7_CONTRADICTORY_EVIDENCE,COMMIT,DEFER_UNCERTAIN,0,0,0,0,0,1,1,0,0,1,0,0,1.0,1.0,1.0,,,,A2|A3,A2|A3,,,,,0,0,0,0,1,1,1,1,2,1,0,False,A1->A2_prime->A3
B5_RASE,S7_CONTRADICTORY_EVIDENCE,DEFER_UNCERTAIN,DEFER_UNCERTAIN,1,0,0,0,0,1,1,1,1,0,1,0,1.0,1.0,1.0,,,,A2|A3,A2|A3,0.5000000173286795,UNCERTAIN_CONFLICT,0.9999973313869156,ASSURED,0,1,0,0,0,0,0,0,0,0,0,False,A1->A2->A3
B6_MAPEK,S7_CONTRADICTORY_EVIDENCE,COMMIT,DEFER_UNCERTAIN,0,0,0,0,0,1,1,0,0,1,0,0,1.0,1.0,1.0,,,,A2|A3,A2|A3,,,,,0,0,0,0,1,1,1,1,2,1,0,False,A1->A2_prime->A3
B1_STATIC,S8_DELAYED_OBSERVATION,FAIL,COMMIT,0,0,0,0,0,0,0,0,0,0,1,1,0.0,0.0,0.0,0.0,0.0,0.0,,A2|A3,,,,,0,0,0,0,0,0,0,0,0,0,0,False,A1->A2->A3
B2_DYNAMIC,S8_DELAYED_OBSERVATION,COMMIT,COMMIT,1,1,0,0,0,0,0,0,0,0,1,1,1.0,1.0,1.0,1.0,1.0,1.0,A2|A3,A2|A3,,,,,0,0,0,0,1,1,1,1,2,0,0,False,A1->A2_prime->A3
B3_UNTYPED,S8_DELAYED_OBSERVATION,COMMIT,COMMIT,1,1,0,0,0,0,0,0,0,0,1,1,0.6666666666666666,1.0,0.8,0.6666666666666666,1.0,0.8,A2|A3|A4,A2|A3,,,,,0,0,0,0,1,1,1,1,2,0,0,False,A1->A2_prime->A3
B4_RASE_NO_EAS,S8_DELAYED_OBSERVATION,COMMIT,COMMIT,1,1,0,0,0,0,0,0,0,0,1,1,1.0,1.0,1.0,1.0,1.0,1.0,A2|A3,A2|A3,,,,,0,0,0,0,1,1,1,1,2,0,0,False,A1->A2_prime->A3
B5_RASE,S8_DELAYED_OBSERVATION,COMMIT,COMMIT,1,1,0,0,0,0,0,0,0,0,1,1,1.0,1.0,1.0,1.0,1.0,1.0,A2|A3,A2|A3,0.49999986137056385,UNCERTAIN_CONFLICT,1.0,ASSURED,0,0,0,0,1,1,1,1,2,0,0,False,A1->A2_prime|A2_prime->A3|A4->A2
B6_MAPEK,S8_DELAYED_OBSERVATION,COMMIT,COMMIT,1,1,0,0,0,0,0,0,0,0,1,1,1.0,1.0,1.0,1.0,1.0,1.0,A2|A3,A2|A3,,,,,0,0,0,0,1,1,1,1,2,0,0,False,A1->A2_prime->A3
B1_STATIC,S9_DEGRADED_AGENT,FAIL,DEFER_UNCERTAIN,0,0,0,0,0,1,1,0,0,0,0,0,0.0,0.0,0.0,,,,,A2|A3,,,,,0,0,0,0,0,0,0,0,0,0,0,False,A1->A2->A3
B2_DYNAMIC,S9_DEGRADED_AGENT,COMMIT,DEFER_UNCERTAIN,0,0,0,0,0,1,1,0,0,1,0,0,1.0,1.0,1.0,,,,A2|A3,A2|A3,,,,,0,0,0,0,1,1,1,1,2,1,0,False,A1->A2_prime->A3
B3_UNTYPED,S9_DEGRADED_AGENT,COMMIT,DEFER_UNCERTAIN,0,0,0,0,0,1,1,0,0,1,0,0,1.0,1.0,1.0,,,,A2|A3,A2|A3,,,,,0,0,0,0,1,1,1,1,2,1,0,False,A1->A2_prime->A3
B4_RASE_NO_EAS,S9_DEGRADED_AGENT,COMMIT,DEFER_UNCERTAIN,0,0,0,0,0,1,1,0,0,1,0,0,1.0,1.0,1.0,,,,A2|A3,A2|A3,,,,,0,0,0,0,1,1,1,1,2,1,0,False,A1->A2_prime->A3
B5_RASE,S9_DEGRADED_AGENT,DEFER_UNCERTAIN,DEFER_UNCERTAIN,1,0,0,0,0,1,1,1,1,0,1,0,1.0,1.0,1.0,,,,A2|A3,A2|A3,0.5000000231049061,UNCERTAIN_CONFLICT,0.9999977703790548,ASSURED,0,0,0,1,0,0,0,0,0,0,0,False,A1->A2->A3
B6_MAPEK,S9_DEGRADED_AGENT,COMMIT,DEFER_UNCERTAIN,0,0,0,0,0,1,1,0,0,1,0,0,1.0,1.0,1.0,,,,A2|A3,A2|A3,,,,,0,0,0,0,1,1,1,1,2,1,0,False,A1->A2_prime->A3
B1_STATIC,S10_WEAK_REPLACEMENT,FAIL,DEFER_UNCERTAIN,0,0,0,0,0,1,1,0,0,0,0,0,0.0,0.0,0.0,,,,,A2|A3,,,,,0,0,0,0,0,0,0,0,0,0,0,False,A1->A2->A3
B2_DYNAMIC,S10_WEAK_REPLACEMENT,COMMIT,DEFER_UNCERTAIN,0,0,0,0,0,1,1,0,0,1,0,0,1.0,1.0,1.0,,,,A2|A3,A2|A3,,,,,0,0,0,0,1,1,1,1,2,1,0,False,A1->A2_prime->A3
B3_UNTYPED,S10_WEAK_REPLACEMENT,COMMIT,DEFER_UNCERTAIN,0,0,0,0,0,1,1,0,0,1,0,0,1.0,1.0,1.0,,,,A2|A3,A2|A3,,,,,0,0,0,0,1,1,1,1,2,1,0,False,A1->A2_prime->A3
B4_RASE_NO_EAS,S10_WEAK_REPLACEMENT,COMMIT,DEFER_UNCERTAIN,0,0,0,0,0,1,1,0,0,1,0,0,1.0,1.0,1.0,,,,A2|A3,A2|A3,,,,,0,0,0,0,1,1,1,1,2,1,0,False,A1->A2_prime->A3
B5_RASE,S10_WEAK_REPLACEMENT,DEFER_UNCERTAIN,DEFER_UNCERTAIN,1,0,0,0,0,1,1,1,1,0,1,0,1.0,1.0,1.0,,,,A2|A3,A2|A3,,,0.2499997371818322,UNCERTAIN,0,0,1,0,0,0,0,0,0,0,0,False,A1->A2->A3
B6_MAPEK,S10_WEAK_REPLACEMENT,COMMIT,DEFER_UNCERTAIN,0,0,0,0,0,1,1,0,0,1,0,0,1.0,1.0,1.0,,,,A2|A3,A2|A3,,,,,0,0,0,0,1,1,1,1,2,1,0,False,A1->A2_prime->A3
