system,scenario,decision_accuracy,expected_decision,predicted_decision,uncertainty_case,correct_deferral,unsafe_commit,impact_evaluable,impact_precision,impact_recall,impact_f1,raw_impact_precision,raw_impact_recall,raw_impact_f1,assurance,replacement_assurance,reconfiguration_count,unnecessary_reconfiguration,rollback,execution_success,verification_attempted,verification_success,premature_adaptation
B1_STATIC,S0_NORMAL,1.0,NO_ADAPTATION,NO_ADAPTATION,0,0.0,0.0,0,,,,1.0,1.0,1.0,,,0.0,0.0,0.0,1.0,0.0,1.0,0.0
B1_STATIC,S10_WEAK_REPLACEMENT,0.0,DEFER_UNCERTAIN,FAIL,1,0.0,0.0,0,,,,0.0,0.0,0.0,,,0.0,0.0,0.0,0.0,0.0,0.0,0.0
B1_STATIC,S1_REPLACEMENT_PASS,0.0,COMMIT,FAIL,0,0.0,0.0,1,0.0,0.0,0.0,0.0,0.0,0.0,,,0.0,0.0,0.0,0.0,0.0,0.0,0.0
B1_STATIC,S2_REPLACEMENT_FAIL,0.0,ROLLBACK,FAIL,0,0.0,0.0,1,0.0,0.0,0.0,0.0,0.0,0.0,,,0.0,0.0,0.0,0.0,0.0,0.0,0.0
B1_STATIC,S3_NO_REPLACEMENT,0.0,NO_REPLACEMENT,FAIL,0,0.0,0.0,1,0.0,0.0,0.0,0.0,0.0,0.0,,,0.0,0.0,0.0,0.0,0.0,0.0,0.0
B1_STATIC,S4_IRRELEVANT_BRANCH,0.0,NO_REPLACEMENT,FAIL,0,0.0,0.0,1,0.0,0.0,0.0,0.0,0.0,0.0,,,0.0,0.0,0.0,0.0,0.0,0.0,0.0
B1_STATIC,S5_UNCERTAIN_REPLACEMENT_EVIDENCE,0.0,DEFER_UNCERTAIN,FAIL,1,0.0,0.0,0,,,,0.0,0.0,0.0,,,0.0,0.0,0.0,0.0,0.0,0.0,0.0
B1_STATIC,S6_STALE_EVIDENCE,0.0,DEFER_UNCERTAIN,FAIL,1,0.0,0.0,0,,,,0.0,0.0,0.0,,,0.0,0.0,0.0,0.0,0.0,0.0,0.0
B1_STATIC,S7_CONTRADICTORY_EVIDENCE,0.0,DEFER_UNCERTAIN,FAIL,1,0.0,0.0,0,,,,0.0,0.0,0.0,,,0.0,0.0,0.0,0.0,0.0,0.0,0.0
B1_STATIC,S8_DELAYED_OBSERVATION,0.0,COMMIT,FAIL,0,0.0,0.0,1,0.0,0.0,0.0,0.0,0.0,0.0,,,0.0,0.0,0.0,0.0,0.0,0.0,0.0
B1_STATIC,S9_DEGRADED_AGENT,0.0,DEFER_UNCERTAIN,FAIL,1,0.0,0.0,0,,,,0.0,0.0,0.0,,,0.0,0.0,0.0,0.0,0.0,0.0,0.0
B2_DYNAMIC,S0_NORMAL,1.0,NO_ADAPTATION,NO_ADAPTATION,0,0.0,0.0,0,,,,1.0,1.0,1.0,,,0.0,0.0,0.0,1.0,0.0,1.0,0.0
B2_DYNAMIC,S10_WEAK_REPLACEMENT,0.0,DEFER_UNCERTAIN,COMMIT,1,0.0,1.0,0,,,,1.0,1.0,1.0,,,2.0,1.0,0.0,1.0,1.0,1.0,0.0
B2_DYNAMIC,S1_REPLACEMENT_PASS,1.0,COMMIT,COMMIT,0,0.0,0.0,1,1.0,1.0,1.0,1.0,1.0,1.0,,,2.0,0.0,0.0,1.0,1.0,1.0,0.0
B2_DYNAMIC,S2_REPLACEMENT_FAIL,0.0,ROLLBACK,COMMIT,0,0.0,0.0,1,1.0,1.0,1.0,1.0,1.0,1.0,,,2.0,0.0,0.0,1.0,1.0,1.0,0.0
B2_DYNAMIC,S3_NO_REPLACEMENT,0.0,NO_REPLACEMENT,COMMIT,0,0.0,0.0,1,1.0,1.0,1.0,1.0,1.0,1.0,,,2.0,1.0,0.0,1.0,1.0,1.0,0.0
B2_DYNAMIC,S4_IRRELEVANT_BRANCH,0.0,NO_REPLACEMENT,COMMIT,0,0.0,0.0,1,1.0,1.0,1.0,1.0,1.0,1.0,,,2.0,1.0,0.0,1.0,1.0,1.0,0.0
B2_DYNAMIC,S5_UNCERTAIN_REPLACEMENT_EVIDENCE,0.0,DEFER_UNCERTAIN,COMMIT,1,0.0,1.0,0,,,,1.0,1.0,1.0,,,2.0,1.0,0.0,1.0,1.0,1.0,0.0
B2_DYNAMIC,S6_STALE_EVIDENCE,0.0,DEFER_UNCERTAIN,COMMIT,1,0.0,1.0,0,,,,1.0,1.0,1.0,,,2.0,1.0,0.0,1.0,1.0,1.0,0.0
B2_DYNAMIC,S7_CONTRADICTORY_EVIDENCE,0.0,DEFER_UNCERTAIN,COMMIT,1,0.0,1.0,0,,,,1.0,1.0,1.0,,,2.0,1.0,0.0,1.0,1.0,1.0,0.0
B2_DYNAMIC,S8_DELAYED_OBSERVATION,1.0,COMMIT,COMMIT,0,0.0,0.0,1,1.0,1.0,1.0,1.0,1.0,1.0,,,2.0,0.0,0.0,1.0,1.0,1.0,0.0
B2_DYNAMIC,S9_DEGRADED_AGENT,0.0,DEFER_UNCERTAIN,COMMIT,1,0.0,1.0,0,,,,1.0,1.0,1.0,,,2.0,1.0,0.0,1.0,1.0,1.0,0.0
B3_UNTYPED,S0_NORMAL,1.0,NO_ADAPTATION,NO_ADAPTATION,0,0.0,0.0,0,,,,1.0,1.0,1.0,,,0.0,0.0,0.0,1.0,0.0,1.0,0.0
B3_UNTYPED,S10_WEAK_REPLACEMENT,0.0,DEFER_UNCERTAIN,COMMIT,1,0.0,1.0,0,,,,1.0,1.0,1.0,,,2.0,1.0,0.0,1.0,1.0,1.0,0.0
B3_UNTYPED,S1_REPLACEMENT_PASS,1.0,COMMIT,COMMIT,0,0.0,0.0,1,1.0,1.0,1.0,1.0,1.0,1.0,,,2.0,0.0,0.0,1.0,1.0,1.0,0.0
B3_UNTYPED,S2_REPLACEMENT_FAIL,0.0,ROLLBACK,COMMIT,0,0.0,0.0,1,1.0,1.0,1.0,1.0,1.0,1.0,,,2.0,0.0,0.0,1.0,1.0,1.0,0.0
B3_UNTYPED,S3_NO_REPLACEMENT,0.0,NO_REPLACEMENT,COMMIT,0,0.0,0.0,1,1.0,1.0,1.0,1.0,1.0,1.0,,,2.0,1.0,0.0,1.0,1.0,1.0,0.0
B3_UNTYPED,S4_IRRELEVANT_BRANCH,1.0,NO_REPLACEMENT,NO_REPLACEMENT,0,0.0,0.0,1,0.6666666666666666,1.0,0.8,0.6666666666666666,1.0,0.8,,,0.0,0.0,0.0,0.0,0.0,0.0,0.0
B3_UNTYPED,S5_UNCERTAIN_REPLACEMENT_EVIDENCE,0.0,DEFER_UNCERTAIN,COMMIT,1,0.0,1.0,0,,,,1.0,1.0,1.0,,,2.0,1.0,0.0,1.0,1.0,1.0,0.0
B3_UNTYPED,S6_STALE_EVIDENCE,0.0,DEFER_UNCERTAIN,COMMIT,1,0.0,1.0,0,,,,1.0,1.0,1.0,,,2.0,1.0,0.0,1.0,1.0,1.0,0.0
B3_UNTYPED,S7_CONTRADICTORY_EVIDENCE,0.0,DEFER_UNCERTAIN,COMMIT,1,0.0,1.0,0,,,,1.0,1.0,1.0,,,2.0,1.0,0.0,1.0,1.0,1.0,0.0
B3_UNTYPED,S8_DELAYED_OBSERVATION,1.0,COMMIT,COMMIT,0,0.0,0.0,1,0.6666666666666666,1.0,0.8,0.6666666666666666,1.0,0.8,,,2.0,0.0,0.0,1.0,1.0,1.0,0.0
B3_UNTYPED,S9_DEGRADED_AGENT,0.0,DEFER_UNCERTAIN,COMMIT,1,0.0,1.0,0,,,,1.0,1.0,1.0,,,2.0,1.0,0.0,1.0,1.0,1.0,0.0
B4_RASE_NO_EAS,S0_NORMAL,1.0,NO_ADAPTATION,NO_ADAPTATION,0,0.0,0.0,0,,,,1.0,1.0,1.0,,,0.0,0.0,0.0,1.0,0.0,1.0,0.0
B4_RASE_NO_EAS,S10_WEAK_REPLACEMENT,0.0,DEFER_UNCERTAIN,COMMIT,1,0.0,1.0,0,,,,1.0,1.0,1.0,,,2.0,1.0,0.0,1.0,1.0,1.0,0.0
B4_RASE_NO_EAS,S1_REPLACEMENT_PASS,1.0,COMMIT,COMMIT,0,0.0,0.0,1,1.0,1.0,1.0,1.0,1.0,1.0,,,2.0,0.0,0.0,1.0,1.0,1.0,0.0
B4_RASE_NO_EAS,S2_REPLACEMENT_FAIL,0.0,ROLLBACK,COMMIT,0,0.0,0.0,1,1.0,1.0,1.0,1.0,1.0,1.0,,,2.0,0.0,0.0,1.0,1.0,1.0,0.0
B4_RASE_NO_EAS,S3_NO_REPLACEMENT,0.0,NO_REPLACEMENT,COMMIT,0,0.0,0.0,1,1.0,1.0,1.0,1.0,1.0,1.0,,,2.0,1.0,0.0,1.0,1.0,1.0,0.0
B4_RASE_NO_EAS,S4_IRRELEVANT_BRANCH,1.0,NO_REPLACEMENT,NO_REPLACEMENT,0,0.0,0.0,1,1.0,1.0,1.0,1.0,1.0,1.0,,,0.0,0.0,0.0,0.0,0.0,0.0,0.0
B4_RASE_NO_EAS,S5_UNCERTAIN_REPLACEMENT_EVIDENCE,0.0,DEFER_UNCERTAIN,COMMIT,1,0.0,1.0,0,,,,1.0,1.0,1.0,,0.4999990902443255,2.0,1.0,0.0,1.0,1.0,1.0,0.0
B4_RASE_NO_EAS,S6_STALE_EVIDENCE,0.0,DEFER_UNCERTAIN,COMMIT,1,0.0,1.0,0,,,,1.0,1.0,1.0,,,2.0,1.0,0.0,1.0,1.0,1.0,0.0
B4_RASE_NO_EAS,S7_CONTRADICTORY_EVIDENCE,0.0,DEFER_UNCERTAIN,COMMIT,1,0.0,1.0,0,,,,1.0,1.0,1.0,,,2.0,1.0,0.0,1.0,1.0,1.0,0.0
B4_RASE_NO_EAS,S8_DELAYED_OBSERVATION,1.0,COMMIT,COMMIT,0,0.0,0.0,1,1.0,1.0,1.0,1.0,1.0,1.0,,,2.0,0.0,0.0,1.0,1.0,1.0,0.0
B4_RASE_NO_EAS,S9_DEGRADED_AGENT,0.0,DEFER_UNCERTAIN,COMMIT,1,0.0,1.0,0,,,,1.0,1.0,1.0,,,2.0,1.0,0.0,1.0,1.0,1.0,0.0
B5_RASE,S0_NORMAL,1.0,NO_ADAPTATION,NO_ADAPTATION,0,0.0,0.0,0,,,,1.0,1.0,1.0,,,0.0,0.0,0.0,1.0,0.0,1.0,0.0
B5_RASE,S10_WEAK_REPLACEMENT,1.0,DEFER_UNCERTAIN,DEFER_UNCERTAIN,1,1.0,0.0,0,,,,1.0,1.0,1.0,,0.2499997371818322,0.0,0.0,0.0,0.0,0.0,0.0,0.0
B5_RASE,S1_REPLACEMENT_PASS,1.0,COMMIT,COMMIT,0,0.0,0.0,1,1.0,1.0,1.0,1.0,1.0,1.0,,,2.0,0.0,0.0,1.0,1.0,1.0,0.0
B5_RASE,S2_REPLACEMENT_FAIL,1.0,ROLLBACK,ROLLBACK,0,0.0,0.0,1,1.0,1.0,1.0,1.0,1.0,1.0,,,2.0,0.0,1.0,0.0,1.0,0.0,0.0
B5_RASE,S3_NO_REPLACEMENT,1.0,NO_REPLACEMENT,NO_REPLACEMENT,0,0.0,0.0,1,1.0,1.0,1.0,1.0,1.0,1.0,,,0.0,0.0,0.0,0.0,0.0,0.0,0.0
B5_RASE,S4_IRRELEVANT_BRANCH,1.0,NO_REPLACEMENT,NO_REPLACEMENT,0,0.0,0.0,1,1.0,1.0,1.0,1.0,1.0,1.0,,,0.0,0.0,0.0,0.0,0.0,0.0,0.0
B5_RASE,S5_UNCERTAIN_REPLACEMENT_EVIDENCE,1.0,DEFER_UNCERTAIN,DEFER_UNCERTAIN,1,1.0,0.0,0,,,,1.0,1.0,1.0,,0.4999990440345135,0.0,0.0,0.0,0.0,0.0,0.0,0.0
B5_RASE,S6_STALE_EVIDENCE,1.0,DEFER_UNCERTAIN,DEFER_UNCERTAIN,1,1.0,0.0,0,,,,1.0,1.0,1.0,0.0009765610333810901,0.9999976201975118,0.0,0.0,0.0,0.0,0.0,0.0,0.0
B5_RASE,S7_CONTRADICTORY_EVIDENCE,1.0,DEFER_UNCERTAIN,DEFER_UNCERTAIN,1,1.0,0.0,0,,,,1.0,1.0,1.0,0.5000000173286795,0.9999973313869156,0.0,0.0,0.0,0.0,0.0,0.0,0.0
B5_RASE,S8_DELAYED_OBSERVATION,1.0,COMMIT,COMMIT,0,0.0,0.0,1,1.0,1.0,1.0,1.0,1.0,1.0,0.49999986137056385,1.0,2.0,0.0,0.0,1.0,1.0,1.0,0.0
B5_RASE,S9_DEGRADED_AGENT,1.0,DEFER_UNCERTAIN,DEFER_UNCERTAIN,1,1.0,0.0,0,,,,1.0,1.0,1.0,0.5000000231049061,0.9999977703790548,0.0,0.0,0.0,0.0,0.0,0.0,0.0
B6_MAPEK,S0_NORMAL,1.0,NO_ADAPTATION,NO_ADAPTATION,0,0.0,0.0,0,,,,1.0,1.0,1.0,,,0.0,0.0,0.0,1.0,0.0,1.0,0.0
B6_MAPEK,S10_WEAK_REPLACEMENT,0.0,DEFER_UNCERTAIN,COMMIT,1,0.0,1.0,0,,,,1.0,1.0,1.0,,,2.0,1.0,0.0,1.0,1.0,1.0,0.0
B6_MAPEK,S1_REPLACEMENT_PASS,1.0,COMMIT,COMMIT,0,0.0,0.0,1,1.0,1.0,1.0,1.0,1.0,1.0,,,2.0,0.0,0.0,1.0,1.0,1.0,0.0
B6_MAPEK,S2_REPLACEMENT_FAIL,0.0,ROLLBACK,COMMIT,0,0.0,0.0,1,1.0,1.0,1.0,1.0,1.0,1.0,,,2.0,0.0,0.0,1.0,1.0,1.0,0.0
B6_MAPEK,S3_NO_REPLACEMENT,1.0,NO_REPLACEMENT,NO_REPLACEMENT,0,0.0,0.0,1,1.0,1.0,1.0,1.0,1.0,1.0,,,0.0,0.0,0.0,0.0,0.0,0.0,0.0
B6_MAPEK,S4_IRRELEVANT_BRANCH,1.0,NO_REPLACEMENT,NO_REPLACEMENT,0,0.0,0.0,1,0.6666666666666666,1.0,0.8,0.6666666666666666,1.0,0.8,,,0.0,0.0,0.0,0.0,0.0,0.0,0.0
B6_MAPEK,S5_UNCERTAIN_REPLACEMENT_EVIDENCE,0.0,DEFER_UNCERTAIN,COMMIT,1,0.0,1.0,0,,,,1.0,1.0,1.0,,,2.0,1.0,0.0,1.0,1.0,1.0,0.0
B6_MAPEK,S6_STALE_EVIDENCE,0.0,DEFER_UNCERTAIN,COMMIT,1,0.0,1.0,0,,,,1.0,1.0,1.0,,,2.0,1.0,0.0,1.0,1.0,1.0,0.0
B6_MAPEK,S7_CONTRADICTORY_EVIDENCE,0.0,DEFER_UNCERTAIN,COMMIT,1,0.0,1.0,0,,,,1.0,1.0,1.0,,,2.0,1.0,0.0,1.0,1.0,1.0,0.0
B6_MAPEK,S8_DELAYED_OBSERVATION,1.0,COMMIT,COMMIT,0,0.0,0.0,1,1.0,1.0,1.0,1.0,1.0,1.0,,,2.0,0.0,0.0,1.0,1.0,1.0,0.0
B6_MAPEK,S9_DEGRADED_AGENT,0.0,DEFER_UNCERTAIN,COMMIT,1,0.0,1.0,0,,,,1.0,1.0,1.0,,,2.0,1.0,0.0,1.0,1.0,1.0,0.0
