adaptation_latency_ms,analysis_latency_ms,assurance_a2_before,assurance_replacement_after,decision,execution_success,failed_agent,impact_a2,impact_a3,reconfiguration_count,repetition,replacement_agent,rollback,scenario,seed,total_latency_ms,verification_latency_ms,verification_success
0.0,0.0,1.0,,NO_ADAPTATION,True,,0.0,0.0,0,1,,False,S0_NORMAL,1001,0.018700003623962402,0.018700003623962402,True
0.0,0.0,1.0,,NO_ADAPTATION,True,,0.0,0.0,0,2,,False,S0_NORMAL,1002,0.015900015830993652,0.015900015830993652,True
0.0,0.0,1.0,,NO_ADAPTATION,True,,0.0,0.0,0,3,,False,S0_NORMAL,1003,0.01260000467300415,0.01260000467300415,True
0.0,0.0,1.0,,NO_ADAPTATION,True,,0.0,0.0,0,4,,False,S0_NORMAL,1004,0.013199999928474426,0.013199999928474426,True
0.0,0.0,1.0,,NO_ADAPTATION,True,,0.0,0.0,0,5,,False,S0_NORMAL,1005,0.01199999451637268,0.01199999451637268,True
0.0,0.0,1.0,,NO_ADAPTATION,True,,0.0,0.0,0,6,,False,S0_NORMAL,1006,0.01260000467300415,0.01260000467300415,True
0.0,0.0,1.0,,NO_ADAPTATION,True,,0.0,0.0,0,7,,False,S0_NORMAL,1007,0.012700006365776062,0.012700006365776062,True
0.0,0.0,1.0,,NO_ADAPTATION,True,,0.0,0.0,0,8,,False,S0_NORMAL,1008,0.011799976229667664,0.011799976229667664,True
0.0,0.0,1.0,,NO_ADAPTATION,True,,0.0,0.0,0,9,,False,S0_NORMAL,1009,0.015300005674362183,0.015300005674362183,True
0.0,0.0,1.0,,NO_ADAPTATION,True,,0.0,0.0,0,10,,False,S0_NORMAL,1010,0.012199997901916504,0.012199997901916504,True
0.025800004601478577,0.032200008630752563,0.5,1.0,COMMIT,True,A2,1.0,0.8,2,1,A2_prime,False,S1_UNAVAILABLE,1001,0.0737999975681305,0.015799984335899353,True
0.01830001175403595,0.022700011730194092,0.5,1.0,COMMIT,True,A2,1.0,0.8,2,2,A2_prime,False,S1_UNAVAILABLE,1002,0.05580003559589386,0.014800012111663818,True
0.018100008368492126,0.02019999921321869,0.5,1.0,COMMIT,True,A2,1.0,0.8,2,3,A2_prime,False,S1_UNAVAILABLE,1003,0.05210000276565552,0.013799995183944702,True
0.017700016498565674,0.019600003957748413,0.5,1.0,COMMIT,True,A2,1.0,0.8,2,4,A2_prime,False,S1_UNAVAILABLE,1004,0.05100002884864807,0.013700008392333984,True
0.017599985003471375,0.019899994134902954,0.5,1.0,COMMIT,True,A2,1.0,0.8,2,5,A2_prime,False,S1_UNAVAILABLE,1005,0.051299989223480225,0.013800010085105896,True
0.017600014805793762,0.019800007343292236,0.5,1.0,COMMIT,True,A2,1.0,0.8,2,6,A2_prime,False,S1_UNAVAILABLE,1006,0.05100002884864807,0.013600006699562073,True
0.017399996519088745,0.0195000022649765,0.5,1.0,COMMIT,True,A2,1.0,0.8,2,7,A2_prime,False,S1_UNAVAILABLE,1007,0.05069999396800995,0.013799995183944702,True
0.039900004863739014,0.04880000650882721,0.5,1.0,COMMIT,True,A2,1.0,0.8,2,8,A2_prime,False,S1_UNAVAILABLE,1008,0.12380000948905945,0.035099998116493225,True
0.018500015139579773,0.02290000021457672,0.5,1.0,COMMIT,True,A2,1.0,0.8,2,9,A2_prime,False,S1_UNAVAILABLE,1009,0.05650000274181366,0.015099987387657166,True
0.01860000193119049,0.019899994134902954,0.5,1.0,COMMIT,True,A2,1.0,0.8,2,10,A2_prime,False,S1_UNAVAILABLE,1010,0.052999988198280334,0.01449999213218689,True
0.017499983310699463,0.01959998905658722,0.5,0.5,ROLLBACK,False,A2,1.0,0.8,2,1,A2_prime,True,S2_DEGRADED,1001,0.052599966526031494,0.015499994158744812,False
0.016200006008148193,0.018499985337257385,0.5,0.5,ROLLBACK,False,A2,1.0,0.8,2,2,A2_prime,True,S2_DEGRADED,1002,0.04929998517036438,0.014599993824958801,False
0.01780000329017639,0.01940000057220459,0.5,0.5,ROLLBACK,False,A2,1.0,0.8,2,3,A2_prime,True,S2_DEGRADED,1003,0.05070000886917114,0.013500005006790161,False
0.018000006675720215,0.024099990725517273,0.5,0.5,ROLLBACK,False,A2,1.0,0.8,2,4,A2_prime,True,S2_DEGRADED,1004,0.06369997560977936,0.02159997820854187,False
0.018200010061264038,0.019800007343292236,0.5,0.5,ROLLBACK,False,A2,1.0,0.8,2,5,A2_prime,True,S2_DEGRADED,1005,0.05180001258850098,0.013799995183944702,False
0.02159997820854187,0.024600014090538025,0.5,0.5,ROLLBACK,False,A2,1.0,0.8,2,6,A2_prime,True,S2_DEGRADED,1006,0.06109999120235443,0.014899998903274536,False
0.01789999008178711,0.02000001072883606,0.5,0.5,ROLLBACK,False,A2,1.0,0.8,2,7,A2_prime,True,S2_DEGRADED,1007,0.051399990916252136,0.013499990105628967,False
0.017900004982948303,0.019299998879432678,0.5,0.5,ROLLBACK,False,A2,1.0,0.8,2,8,A2_prime,True,S2_DEGRADED,1008,0.05059999227523804,0.013399988412857056,False
0.01770000159740448,0.019600003957748413,0.5,0.5,ROLLBACK,False,A2,1.0,0.8,2,9,A2_prime,True,S2_DEGRADED,1009,0.05069999396800995,0.013399988412857056,False
0.01780000329017639,0.019499987363815308,0.5,0.5,ROLLBACK,False,A2,1.0,0.8,2,10,A2_prime,True,S2_DEGRADED,1010,0.050999999046325684,0.013700008392333984,False
0.017900004982948303,0.019900009036064148,0.5,1.0,COMMIT,True,A2,1.0,0.8,2,1,A2_prime,False,S3_PASS,1001,0.05190001428127289,0.014100000262260437,True
0.01780000329017639,0.0195000022649765,0.5,1.0,COMMIT,True,A2,1.0,0.8,2,2,A2_prime,False,S3_PASS,1002,0.050999999046325684,0.01369999349117279,True
0.01780000329017639,0.019299998879432678,0.5,1.0,COMMIT,True,A2,1.0,0.8,2,3,A2_prime,False,S3_PASS,1003,0.05119998753070831,0.014099985361099243,True
0.03829999268054962,0.03460000455379486,0.5,1.0,COMMIT,True,A2,1.0,0.8,2,4,A2_prime,False,S3_PASS,1004,0.09319999814033508,0.0203000009059906,True
0.019800007343292236,0.02400001883506775,0.5,1.0,COMMIT,True,A2,1.0,0.8,2,5,A2_prime,False,S3_PASS,1005,0.0593000203371048,0.015499994158744812,True
0.019299998879432678,0.02260001003742218,0.5,1.0,COMMIT,True,A2,1.0,0.8,2,6,A2_prime,False,S3_PASS,1006,0.06749999523162842,0.02559998631477356,True
0.018700003623962402,0.020899996161460876,0.5,1.0,COMMIT,True,A2,1.0,0.8,2,7,A2_prime,False,S3_PASS,1007,0.054300010204315186,0.014700010418891907,True
0.019900009036064148,0.020299986004829407,0.5,1.0,COMMIT,True,A2,1.0,0.8,2,8,A2_prime,False,S3_PASS,1008,0.05509999394416809,0.014899998903274536,True
0.01860000193119049,0.020199984312057495,0.5,1.0,COMMIT,True,A2,1.0,0.8,2,9,A2_prime,False,S3_PASS,1009,0.052999988198280334,0.014200001955032349,True
0.027300000190734863,0.020300015807151794,0.5,1.0,COMMIT,True,A2,1.0,0.8,2,10,A2_prime,False,S3_PASS,1010,0.06240001320838928,0.014799997210502625,True
0.016699999570846558,0.018900007009506226,0.5,0.5,ROLLBACK,False,A2,1.0,0.8,2,1,A2_prime,True,S4_FAIL,1001,0.04940001666545868,0.013800010085105896,False
0.01850000023841858,0.02019999921321869,0.5,0.5,ROLLBACK,False,A2,1.0,0.8,2,2,A2_prime,True,S4_FAIL,1002,0.053200021386146545,0.014500021934509277,False
0.02739998698234558,0.019299998879432678,0.5,0.5,ROLLBACK,False,A2,1.0,0.8,2,3,A2_prime,True,S4_FAIL,1003,0.061499983072280884,0.014799997210502625,False
0.01799999177455902,0.019499987363815308,0.5,0.5,ROLLBACK,False,A2,1.0,0.8,2,4,A2_prime,True,S4_FAIL,1004,0.051499977707862854,0.013999998569488525,False
0.01770000159740448,0.019299998879432678,0.5,0.5,ROLLBACK,False,A2,1.0,0.8,2,5,A2_prime,True,S4_FAIL,1005,0.0510999858379364,0.014099985361099243,False
0.018099993467330933,0.020099997520446777,0.5,0.5,ROLLBACK,False,A2,1.0,0.8,2,6,A2_prime,True,S4_FAIL,1006,0.052199989557266235,0.013999998569488525,False
0.015999987721443176,0.018399998545646667,0.5,0.5,ROLLBACK,False,A2,1.0,0.8,2,7,A2_prime,True,S4_FAIL,1007,0.047299981117248535,0.012899994850158691,False
0.018399998545646667,0.019299998879432678,0.5,0.5,ROLLBACK,False,A2,1.0,0.8,2,8,A2_prime,True,S4_FAIL,1008,0.05089999735355377,0.013199999928474426,False
0.018399998545646667,0.025300011038780212,0.5,0.5,ROLLBACK,False,A2,1.0,0.8,2,9,A2_prime,True,S4_FAIL,1009,0.060499995946884155,0.016799986362457275,False
0.019099995493888855,0.022300004959106445,0.5,0.5,ROLLBACK,False,A2,1.0,0.8,2,10,A2_prime,True,S4_FAIL,1010,0.056199997663497925,0.014799997210502625,False
