repetition,scenario,system,decision,expected_decision,decision_correct,execution_success,verification_success,reconfiguration_count,rollback,rollback_correct,unnecessary_reconfiguration,predicted_architecture,expected_architecture,architecture_correct,predicted_impact,expected_impact,impact_precision,impact_recall,impact_f1,adaptation_correct,replacement_assurance
1,S0_NORMAL,B1_STATIC,NO_ADAPTATION,NO_ADAPTATION,1,1,1,0,0,1,0,A1->A2|A2->A3,A1->A2|A2->A3,1,,,1.0,1.0,1.0,1,
2,S0_NORMAL,B1_STATIC,NO_ADAPTATION,NO_ADAPTATION,1,1,1,0,0,1,0,A1->A2|A2->A3,A1->A2|A2->A3,1,,,1.0,1.0,1.0,1,
3,S0_NORMAL,B1_STATIC,NO_ADAPTATION,NO_ADAPTATION,1,1,1,0,0,1,0,A1->A2|A2->A3,A1->A2|A2->A3,1,,,1.0,1.0,1.0,1,
4,S0_NORMAL,B1_STATIC,NO_ADAPTATION,NO_ADAPTATION,1,1,1,0,0,1,0,A1->A2|A2->A3,A1->A2|A2->A3,1,,,1.0,1.0,1.0,1,
5,S0_NORMAL,B1_STATIC,NO_ADAPTATION,NO_ADAPTATION,1,1,1,0,0,1,0,A1->A2|A2->A3,A1->A2|A2->A3,1,,,1.0,1.0,1.0,1,
6,S0_NORMAL,B1_STATIC,NO_ADAPTATION,NO_ADAPTATION,1,1,1,0,0,1,0,A1->A2|A2->A3,A1->A2|A2->A3,1,,,1.0,1.0,1.0,1,
7,S0_NORMAL,B1_STATIC,NO_ADAPTATION,NO_ADAPTATION,1,1,1,0,0,1,0,A1->A2|A2->A3,A1->A2|A2->A3,1,,,1.0,1.0,1.0,1,
8,S0_NORMAL,B1_STATIC,NO_ADAPTATION,NO_ADAPTATION,1,1,1,0,0,1,0,A1->A2|A2->A3,A1->A2|A2->A3,1,,,1.0,1.0,1.0,1,
9,S0_NORMAL,B1_STATIC,NO_ADAPTATION,NO_ADAPTATION,1,1,1,0,0,1,0,A1->A2|A2->A3,A1->A2|A2->A3,1,,,1.0,1.0,1.0,1,
10,S0_NORMAL,B1_STATIC,NO_ADAPTATION,NO_ADAPTATION,1,1,1,0,0,1,0,A1->A2|A2->A3,A1->A2|A2->A3,1,,,1.0,1.0,1.0,1,
1,S0_NORMAL,B2_DYNAMIC,NO_ADAPTATION,NO_ADAPTATION,1,1,1,0,0,1,0,A1->A2|A2->A3,A1->A2|A2->A3,1,,,1.0,1.0,1.0,1,
2,S0_NORMAL,B2_DYNAMIC,NO_ADAPTATION,NO_ADAPTATION,1,1,1,0,0,1,0,A1->A2|A2->A3,A1->A2|A2->A3,1,,,1.0,1.0,1.0,1,
3,S0_NORMAL,B2_DYNAMIC,NO_ADAPTATION,NO_ADAPTATION,1,1,1,0,0,1,0,A1->A2|A2->A3,A1->A2|A2->A3,1,,,1.0,1.0,1.0,1,
4,S0_NORMAL,B2_DYNAMIC,NO_ADAPTATION,NO_ADAPTATION,1,1,1,0,0,1,0,A1->A2|A2->A3,A1->A2|A2->A3,1,,,1.0,1.0,1.0,1,
5,S0_NORMAL,B2_DYNAMIC,NO_ADAPTATION,NO_ADAPTATION,1,1,1,0,0,1,0,A1->A2|A2->A3,A1->A2|A2->A3,1,,,1.0,1.0,1.0,1,
6,S0_NORMAL,B2_DYNAMIC,NO_ADAPTATION,NO_ADAPTATION,1,1,1,0,0,1,0,A1->A2|A2->A3,A1->A2|A2->A3,1,,,1.0,1.0,1.0,1,
7,S0_NORMAL,B2_DYNAMIC,NO_ADAPTATION,NO_ADAPTATION,1,1,1,0,0,1,0,A1->A2|A2->A3,A1->A2|A2->A3,1,,,1.0,1.0,1.0,1,
8,S0_NORMAL,B2_DYNAMIC,NO_ADAPTATION,NO_ADAPTATION,1,1,1,0,0,1,0,A1->A2|A2->A3,A1->A2|A2->A3,1,,,1.0,1.0,1.0,1,
9,S0_NORMAL,B2_DYNAMIC,NO_ADAPTATION,NO_ADAPTATION,1,1,1,0,0,1,0,A1->A2|A2->A3,A1->A2|A2->A3,1,,,1.0,1.0,1.0,1,
10,S0_NORMAL,B2_DYNAMIC,NO_ADAPTATION,NO_ADAPTATION,1,1,1,0,0,1,0,A1->A2|A2->A3,A1->A2|A2->A3,1,,,1.0,1.0,1.0,1,
1,S0_NORMAL,B3_UNTYPED,NO_ADAPTATION,NO_ADAPTATION,1,1,1,0,0,1,0,A1->A2|A2->A3,A1->A2|A2->A3,1,,,1.0,1.0,1.0,1,
2,S0_NORMAL,B3_UNTYPED,NO_ADAPTATION,NO_ADAPTATION,1,1,1,0,0,1,0,A1->A2|A2->A3,A1->A2|A2->A3,1,,,1.0,1.0,1.0,1,
3,S0_NORMAL,B3_UNTYPED,NO_ADAPTATION,NO_ADAPTATION,1,1,1,0,0,1,0,A1->A2|A2->A3,A1->A2|A2->A3,1,,,1.0,1.0,1.0,1,
4,S0_NORMAL,B3_UNTYPED,NO_ADAPTATION,NO_ADAPTATION,1,1,1,0,0,1,0,A1->A2|A2->A3,A1->A2|A2->A3,1,,,1.0,1.0,1.0,1,
5,S0_NORMAL,B3_UNTYPED,NO_ADAPTATION,NO_ADAPTATION,1,1,1,0,0,1,0,A1->A2|A2->A3,A1->A2|A2->A3,1,,,1.0,1.0,1.0,1,
6,S0_NORMAL,B3_UNTYPED,NO_ADAPTATION,NO_ADAPTATION,1,1,1,0,0,1,0,A1->A2|A2->A3,A1->A2|A2->A3,1,,,1.0,1.0,1.0,1,
7,S0_NORMAL,B3_UNTYPED,NO_ADAPTATION,NO_ADAPTATION,1,1,1,0,0,1,0,A1->A2|A2->A3,A1->A2|A2->A3,1,,,1.0,1.0,1.0,1,
8,S0_NORMAL,B3_UNTYPED,NO_ADAPTATION,NO_ADAPTATION,1,1,1,0,0,1,0,A1->A2|A2->A3,A1->A2|A2->A3,1,,,1.0,1.0,1.0,1,
9,S0_NORMAL,B3_UNTYPED,NO_ADAPTATION,NO_ADAPTATION,1,1,1,0,0,1,0,A1->A2|A2->A3,A1->A2|A2->A3,1,,,1.0,1.0,1.0,1,
10,S0_NORMAL,B3_UNTYPED,NO_ADAPTATION,NO_ADAPTATION,1,1,1,0,0,1,0,A1->A2|A2->A3,A1->A2|A2->A3,1,,,1.0,1.0,1.0,1,
1,S0_NORMAL,B4_RASE_NO_EAS,NO_ADAPTATION,NO_ADAPTATION,1,1,1,0,0,1,0,A1->A2|A2->A3,A1->A2|A2->A3,1,,,1.0,1.0,1.0,1,
2,S0_NORMAL,B4_RASE_NO_EAS,NO_ADAPTATION,NO_ADAPTATION,1,1,1,0,0,1,0,A1->A2|A2->A3,A1->A2|A2->A3,1,,,1.0,1.0,1.0,1,
3,S0_NORMAL,B4_RASE_NO_EAS,NO_ADAPTATION,NO_ADAPTATION,1,1,1,0,0,1,0,A1->A2|A2->A3,A1->A2|A2->A3,1,,,1.0,1.0,1.0,1,
4,S0_NORMAL,B4_RASE_NO_EAS,NO_ADAPTATION,NO_ADAPTATION,1,1,1,0,0,1,0,A1->A2|A2->A3,A1->A2|A2->A3,1,,,1.0,1.0,1.0,1,
5,S0_NORMAL,B4_RASE_NO_EAS,NO_ADAPTATION,NO_ADAPTATION,1,1,1,0,0,1,0,A1->A2|A2->A3,A1->A2|A2->A3,1,,,1.0,1.0,1.0,1,
6,S0_NORMAL,B4_RASE_NO_EAS,NO_ADAPTATION,NO_ADAPTATION,1,1,1,0,0,1,0,A1->A2|A2->A3,A1->A2|A2->A3,1,,,1.0,1.0,1.0,1,
7,S0_NORMAL,B4_RASE_NO_EAS,NO_ADAPTATION,NO_ADAPTATION,1,1,1,0,0,1,0,A1->A2|A2->A3,A1->A2|A2->A3,1,,,1.0,1.0,1.0,1,
8,S0_NORMAL,B4_RASE_NO_EAS,NO_ADAPTATION,NO_ADAPTATION,1,1,1,0,0,1,0,A1->A2|A2->A3,A1->A2|A2->A3,1,,,1.0,1.0,1.0,1,
9,S0_NORMAL,B4_RASE_NO_EAS,NO_ADAPTATION,NO_ADAPTATION,1,1,1,0,0,1,0,A1->A2|A2->A3,A1->A2|A2->A3,1,,,1.0,1.0,1.0,1,
10,S0_NORMAL,B4_RASE_NO_EAS,NO_ADAPTATION,NO_ADAPTATION,1,1,1,0,0,1,0,A1->A2|A2->A3,A1->A2|A2->A3,1,,,1.0,1.0,1.0,1,
1,S0_NORMAL,B5_RASE,NO_ADAPTATION,NO_ADAPTATION,1,1,1,0,0,1,0,A1->A2|A2->A3,A1->A2|A2->A3,1,,,1.0,1.0,1.0,1,
2,S0_NORMAL,B5_RASE,NO_ADAPTATION,NO_ADAPTATION,1,1,1,0,0,1,0,A1->A2|A2->A3,A1->A2|A2->A3,1,,,1.0,1.0,1.0,1,
3,S0_NORMAL,B5_RASE,NO_ADAPTATION,NO_ADAPTATION,1,1,1,0,0,1,0,A1->A2|A2->A3,A1->A2|A2->A3,1,,,1.0,1.0,1.0,1,
4,S0_NORMAL,B5_RASE,NO_ADAPTATION,NO_ADAPTATION,1,1,1,0,0,1,0,A1->A2|A2->A3,A1->A2|A2->A3,1,,,1.0,1.0,1.0,1,
5,S0_NORMAL,B5_RASE,NO_ADAPTATION,NO_ADAPTATION,1,1,1,0,0,1,0,A1->A2|A2->A3,A1->A2|A2->A3,1,,,1.0,1.0,1.0,1,
6,S0_NORMAL,B5_RASE,NO_ADAPTATION,NO_ADAPTATION,1,1,1,0,0,1,0,A1->A2|A2->A3,A1->A2|A2->A3,1,,,1.0,1.0,1.0,1,
7,S0_NORMAL,B5_RASE,NO_ADAPTATION,NO_ADAPTATION,1,1,1,0,0,1,0,A1->A2|A2->A3,A1->A2|A2->A3,1,,,1.0,1.0,1.0,1,
8,S0_NORMAL,B5_RASE,NO_ADAPTATION,NO_ADAPTATION,1,1,1,0,0,1,0,A1->A2|A2->A3,A1->A2|A2->A3,1,,,1.0,1.0,1.0,1,
9,S0_NORMAL,B5_RASE,NO_ADAPTATION,NO_ADAPTATION,1,1,1,0,0,1,0,A1->A2|A2->A3,A1->A2|A2->A3,1,,,1.0,1.0,1.0,1,
10,S0_NORMAL,B5_RASE,NO_ADAPTATION,NO_ADAPTATION,1,1,1,0,0,1,0,A1->A2|A2->A3,A1->A2|A2->A3,1,,,1.0,1.0,1.0,1,
1,S0_NORMAL,B6_MAPEK,NO_ADAPTATION,NO_ADAPTATION,1,1,1,0,0,1,0,A1->A2|A2->A3,A1->A2|A2->A3,1,,,1.0,1.0,1.0,1,
2,S0_NORMAL,B6_MAPEK,NO_ADAPTATION,NO_ADAPTATION,1,1,1,0,0,1,0,A1->A2|A2->A3,A1->A2|A2->A3,1,,,1.0,1.0,1.0,1,
3,S0_NORMAL,B6_MAPEK,NO_ADAPTATION,NO_ADAPTATION,1,1,1,0,0,1,0,A1->A2|A2->A3,A1->A2|A2->A3,1,,,1.0,1.0,1.0,1,
4,S0_NORMAL,B6_MAPEK,NO_ADAPTATION,NO_ADAPTATION,1,1,1,0,0,1,0,A1->A2|A2->A3,A1->A2|A2->A3,1,,,1.0,1.0,1.0,1,
5,S0_NORMAL,B6_MAPEK,NO_ADAPTATION,NO_ADAPTATION,1,1,1,0,0,1,0,A1->A2|A2->A3,A1->A2|A2->A3,1,,,1.0,1.0,1.0,1,
6,S0_NORMAL,B6_MAPEK,NO_ADAPTATION,NO_ADAPTATION,1,1,1,0,0,1,0,A1->A2|A2->A3,A1->A2|A2->A3,1,,,1.0,1.0,1.0,1,
7,S0_NORMAL,B6_MAPEK,NO_ADAPTATION,NO_ADAPTATION,1,1,1,0,0,1,0,A1->A2|A2->A3,A1->A2|A2->A3,1,,,1.0,1.0,1.0,1,
8,S0_NORMAL,B6_MAPEK,NO_ADAPTATION,NO_ADAPTATION,1,1,1,0,0,1,0,A1->A2|A2->A3,A1->A2|A2->A3,1,,,1.0,1.0,1.0,1,
9,S0_NORMAL,B6_MAPEK,NO_ADAPTATION,NO_ADAPTATION,1,1,1,0,0,1,0,A1->A2|A2->A3,A1->A2|A2->A3,1,,,1.0,1.0,1.0,1,
10,S0_NORMAL,B6_MAPEK,NO_ADAPTATION,NO_ADAPTATION,1,1,1,0,0,1,0,A1->A2|A2->A3,A1->A2|A2->A3,1,,,1.0,1.0,1.0,1,
1,S1_REPLACEMENT_PASS,B1_STATIC,FAIL,COMMIT,0,0,0,0,0,1,0,A1->A2|A2->A3,A1->A2_prime|A2_prime->A3,0,,"A2,A3",0.0,0.0,0.0,0,
2,S1_REPLACEMENT_PASS,B1_STATIC,FAIL,COMMIT,0,0,0,0,0,1,0,A1->A2|A2->A3,A1->A2_prime|A2_prime->A3,0,,"A2,A3",0.0,0.0,0.0,0,
3,S1_REPLACEMENT_PASS,B1_STATIC,FAIL,COMMIT,0,0,0,0,0,1,0,A1->A2|A2->A3,A1->A2_prime|A2_prime->A3,0,,"A2,A3",0.0,0.0,0.0,0,
4,S1_REPLACEMENT_PASS,B1_STATIC,FAIL,COMMIT,0,0,0,0,0,1,0,A1->A2|A2->A3,A1->A2_prime|A2_prime->A3,0,,"A2,A3",0.0,0.0,0.0,0,
5,S1_REPLACEMENT_PASS,B1_STATIC,FAIL,COMMIT,0,0,0,0,0,1,0,A1->A2|A2->A3,A1->A2_prime|A2_prime->A3,0,,"A2,A3",0.0,0.0,0.0,0,
6,S1_REPLACEMENT_PASS,B1_STATIC,FAIL,COMMIT,0,0,0,0,0,1,0,A1->A2|A2->A3,A1->A2_prime|A2_prime->A3,0,,"A2,A3",0.0,0.0,0.0,0,
7,S1_REPLACEMENT_PASS,B1_STATIC,FAIL,COMMIT,0,0,0,0,0,1,0,A1->A2|A2->A3,A1->A2_prime|A2_prime->A3,0,,"A2,A3",0.0,0.0,0.0,0,
8,S1_REPLACEMENT_PASS,B1_STATIC,FAIL,COMMIT,0,0,0,0,0,1,0,A1->A2|A2->A3,A1->A2_prime|A2_prime->A3,0,,"A2,A3",0.0,0.0,0.0,0,
9,S1_REPLACEMENT_PASS,B1_STATIC,FAIL,COMMIT,0,0,0,0,0,1,0,A1->A2|A2->A3,A1->A2_prime|A2_prime->A3,0,,"A2,A3",0.0,0.0,0.0,0,
10,S1_REPLACEMENT_PASS,B1_STATIC,FAIL,COMMIT,0,0,0,0,0,1,0,A1->A2|A2->A3,A1->A2_prime|A2_prime->A3,0,,"A2,A3",0.0,0.0,0.0,0,
1,S1_REPLACEMENT_PASS,B2_DYNAMIC,COMMIT,COMMIT,1,1,1,2,0,1,0,A1->A2_prime|A2_prime->A3,A1->A2_prime|A2_prime->A3,1,"A2,A3","A2,A3",1.0,1.0,1.0,1,
2,S1_REPLACEMENT_PASS,B2_DYNAMIC,COMMIT,COMMIT,1,1,1,2,0,1,0,A1->A2_prime|A2_prime->A3,A1->A2_prime|A2_prime->A3,1,"A2,A3","A2,A3",1.0,1.0,1.0,1,
3,S1_REPLACEMENT_PASS,B2_DYNAMIC,COMMIT,COMMIT,1,1,1,2,0,1,0,A1->A2_prime|A2_prime->A3,A1->A2_prime|A2_prime->A3,1,"A2,A3","A2,A3",1.0,1.0,1.0,1,
4,S1_REPLACEMENT_PASS,B2_DYNAMIC,COMMIT,COMMIT,1,1,1,2,0,1,0,A1->A2_prime|A2_prime->A3,A1->A2_prime|A2_prime->A3,1,"A2,A3","A2,A3",1.0,1.0,1.0,1,
5,S1_REPLACEMENT_PASS,B2_DYNAMIC,COMMIT,COMMIT,1,1,1,2,0,1,0,A1->A2_prime|A2_prime->A3,A1->A2_prime|A2_prime->A3,1,"A2,A3","A2,A3",1.0,1.0,1.0,1,
6,S1_REPLACEMENT_PASS,B2_DYNAMIC,COMMIT,COMMIT,1,1,1,2,0,1,0,A1->A2_prime|A2_prime->A3,A1->A2_prime|A2_prime->A3,1,"A2,A3","A2,A3",1.0,1.0,1.0,1,
7,S1_REPLACEMENT_PASS,B2_DYNAMIC,COMMIT,COMMIT,1,1,1,2,0,1,0,A1->A2_prime|A2_prime->A3,A1->A2_prime|A2_prime->A3,1,"A2,A3","A2,A3",1.0,1.0,1.0,1,
8,S1_REPLACEMENT_PASS,B2_DYNAMIC,COMMIT,COMMIT,1,1,1,2,0,1,0,A1->A2_prime|A2_prime->A3,A1->A2_prime|A2_prime->A3,1,"A2,A3","A2,A3",1.0,1.0,1.0,1,
9,S1_REPLACEMENT_PASS,B2_DYNAMIC,COMMIT,COMMIT,1,1,1,2,0,1,0,A1->A2_prime|A2_prime->A3,A1->A2_prime|A2_prime->A3,1,"A2,A3","A2,A3",1.0,1.0,1.0,1,
10,S1_REPLACEMENT_PASS,B2_DYNAMIC,COMMIT,COMMIT,1,1,1,2,0,1,0,A1->A2_prime|A2_prime->A3,A1->A2_prime|A2_prime->A3,1,"A2,A3","A2,A3",1.0,1.0,1.0,1,
1,S1_REPLACEMENT_PASS,B3_UNTYPED,COMMIT,COMMIT,1,1,1,2,0,1,0,A1->A2_prime|A2_prime->A3,A1->A2_prime|A2_prime->A3,1,"A2,A3","A2,A3",1.0,1.0,1.0,1,
2,S1_REPLACEMENT_PASS,B3_UNTYPED,COMMIT,COMMIT,1,1,1,2,0,1,0,A1->A2_prime|A2_prime->A3,A1->A2_prime|A2_prime->A3,1,"A2,A3","A2,A3",1.0,1.0,1.0,1,
3,S1_REPLACEMENT_PASS,B3_UNTYPED,COMMIT,COMMIT,1,1,1,2,0,1,0,A1->A2_prime|A2_prime->A3,A1->A2_prime|A2_prime->A3,1,"A2,A3","A2,A3",1.0,1.0,1.0,1,
4,S1_REPLACEMENT_PASS,B3_UNTYPED,COMMIT,COMMIT,1,1,1,2,0,1,0,A1->A2_prime|A2_prime->A3,A1->A2_prime|A2_prime->A3,1,"A2,A3","A2,A3",1.0,1.0,1.0,1,
5,S1_REPLACEMENT_PASS,B3_UNTYPED,COMMIT,COMMIT,1,1,1,2,0,1,0,A1->A2_prime|A2_prime->A3,A1->A2_prime|A2_prime->A3,1,"A2,A3","A2,A3",1.0,1.0,1.0,1,
6,S1_REPLACEMENT_PASS,B3_UNTYPED,COMMIT,COMMIT,1,1,1,2,0,1,0,A1->A2_prime|A2_prime->A3,A1->A2_prime|A2_prime->A3,1,"A2,A3","A2,A3",1.0,1.0,1.0,1,
7,S1_REPLACEMENT_PASS,B3_UNTYPED,COMMIT,COMMIT,1,1,1,2,0,1,0,A1->A2_prime|A2_prime->A3,A1->A2_prime|A2_prime->A3,1,"A2,A3","A2,A3",1.0,1.0,1.0,1,
8,S1_REPLACEMENT_PASS,B3_UNTYPED,COMMIT,COMMIT,1,1,1,2,0,1,0,A1->A2_prime|A2_prime->A3,A1->A2_prime|A2_prime->A3,1,"A2,A3","A2,A3",1.0,1.0,1.0,1,
9,S1_REPLACEMENT_PASS,B3_UNTYPED,COMMIT,COMMIT,1,1,1,2,0,1,0,A1->A2_prime|A2_prime->A3,A1->A2_prime|A2_prime->A3,1,"A2,A3","A2,A3",1.0,1.0,1.0,1,
10,S1_REPLACEMENT_PASS,B3_UNTYPED,COMMIT,COMMIT,1,1,1,2,0,1,0,A1->A2_prime|A2_prime->A3,A1->A2_prime|A2_prime->A3,1,"A2,A3","A2,A3",1.0,1.0,1.0,1,
1,S1_REPLACEMENT_PASS,B4_RASE_NO_EAS,COMMIT,COMMIT,1,1,1,2,0,1,0,A1->A2_prime|A2_prime->A3,A1->A2_prime|A2_prime->A3,1,"A2,A3","A2,A3",1.0,1.0,1.0,1,
2,S1_REPLACEMENT_PASS,B4_RASE_NO_EAS,COMMIT,COMMIT,1,1,1,2,0,1,0,A1->A2_prime|A2_prime->A3,A1->A2_prime|A2_prime->A3,1,"A2,A3","A2,A3",1.0,1.0,1.0,1,
3,S1_REPLACEMENT_PASS,B4_RASE_NO_EAS,COMMIT,COMMIT,1,1,1,2,0,1,0,A1->A2_prime|A2_prime->A3,A1->A2_prime|A2_prime->A3,1,"A2,A3","A2,A3",1.0,1.0,1.0,1,
4,S1_REPLACEMENT_PASS,B4_RASE_NO_EAS,COMMIT,COMMIT,1,1,1,2,0,1,0,A1->A2_prime|A2_prime->A3,A1->A2_prime|A2_prime->A3,1,"A2,A3","A2,A3",1.0,1.0,1.0,1,
5,S1_REPLACEMENT_PASS,B4_RASE_NO_EAS,COMMIT,COMMIT,1,1,1,2,0,1,0,A1->A2_prime|A2_prime->A3,A1->A2_prime|A2_prime->A3,1,"A2,A3","A2,A3",1.0,1.0,1.0,1,
6,S1_REPLACEMENT_PASS,B4_RASE_NO_EAS,COMMIT,COMMIT,1,1,1,2,0,1,0,A1->A2_prime|A2_prime->A3,A1->A2_prime|A2_prime->A3,1,"A2,A3","A2,A3",1.0,1.0,1.0,1,
7,S1_REPLACEMENT_PASS,B4_RASE_NO_EAS,COMMIT,COMMIT,1,1,1,2,0,1,0,A1->A2_prime|A2_prime->A3,A1->A2_prime|A2_prime->A3,1,"A2,A3","A2,A3",1.0,1.0,1.0,1,
8,S1_REPLACEMENT_PASS,B4_RASE_NO_EAS,COMMIT,COMMIT,1,1,1,2,0,1,0,A1->A2_prime|A2_prime->A3,A1->A2_prime|A2_prime->A3,1,"A2,A3","A2,A3",1.0,1.0,1.0,1,
9,S1_REPLACEMENT_PASS,B4_RASE_NO_EAS,COMMIT,COMMIT,1,1,1,2,0,1,0,A1->A2_prime|A2_prime->A3,A1->A2_prime|A2_prime->A3,1,"A2,A3","A2,A3",1.0,1.0,1.0,1,
10,S1_REPLACEMENT_PASS,B4_RASE_NO_EAS,COMMIT,COMMIT,1,1,1,2,0,1,0,A1->A2_prime|A2_prime->A3,A1->A2_prime|A2_prime->A3,1,"A2,A3","A2,A3",1.0,1.0,1.0,1,
1,S1_REPLACEMENT_PASS,B5_RASE,COMMIT,COMMIT,1,1,1,2,0,1,0,A1->A2_prime|A2_prime->A3,A1->A2_prime|A2_prime->A3,1,"A2,A3","A2,A3",1.0,1.0,1.0,1,
2,S1_REPLACEMENT_PASS,B5_RASE,COMMIT,COMMIT,1,1,1,2,0,1,0,A1->A2_prime|A2_prime->A3,A1->A2_prime|A2_prime->A3,1,"A2,A3","A2,A3",1.0,1.0,1.0,1,
3,S1_REPLACEMENT_PASS,B5_RASE,COMMIT,COMMIT,1,1,1,2,0,1,0,A1->A2_prime|A2_prime->A3,A1->A2_prime|A2_prime->A3,1,"A2,A3","A2,A3",1.0,1.0,1.0,1,
4,S1_REPLACEMENT_PASS,B5_RASE,COMMIT,COMMIT,1,1,1,2,0,1,0,A1->A2_prime|A2_prime->A3,A1->A2_prime|A2_prime->A3,1,"A2,A3","A2,A3",1.0,1.0,1.0,1,
5,S1_REPLACEMENT_PASS,B5_RASE,COMMIT,COMMIT,1,1,1,2,0,1,0,A1->A2_prime|A2_prime->A3,A1->A2_prime|A2_prime->A3,1,"A2,A3","A2,A3",1.0,1.0,1.0,1,
6,S1_REPLACEMENT_PASS,B5_RASE,COMMIT,COMMIT,1,1,1,2,0,1,0,A1->A2_prime|A2_prime->A3,A1->A2_prime|A2_prime->A3,1,"A2,A3","A2,A3",1.0,1.0,1.0,1,
7,S1_REPLACEMENT_PASS,B5_RASE,COMMIT,COMMIT,1,1,1,2,0,1,0,A1->A2_prime|A2_prime->A3,A1->A2_prime|A2_prime->A3,1,"A2,A3","A2,A3",1.0,1.0,1.0,1,
8,S1_REPLACEMENT_PASS,B5_RASE,COMMIT,COMMIT,1,1,1,2,0,1,0,A1->A2_prime|A2_prime->A3,A1->A2_prime|A2_prime->A3,1,"A2,A3","A2,A3",1.0,1.0,1.0,1,
9,S1_REPLACEMENT_PASS,B5_RASE,COMMIT,COMMIT,1,1,1,2,0,1,0,A1->A2_prime|A2_prime->A3,A1->A2_prime|A2_prime->A3,1,"A2,A3","A2,A3",1.0,1.0,1.0,1,
10,S1_REPLACEMENT_PASS,B5_RASE,COMMIT,COMMIT,1,1,1,2,0,1,0,A1->A2_prime|A2_prime->A3,A1->A2_prime|A2_prime->A3,1,"A2,A3","A2,A3",1.0,1.0,1.0,1,
1,S1_REPLACEMENT_PASS,B6_MAPEK,COMMIT,COMMIT,1,1,1,2,0,1,0,A1->A2_prime|A2_prime->A3,A1->A2_prime|A2_prime->A3,1,"A2,A3","A2,A3",1.0,1.0,1.0,1,
2,S1_REPLACEMENT_PASS,B6_MAPEK,COMMIT,COMMIT,1,1,1,2,0,1,0,A1->A2_prime|A2_prime->A3,A1->A2_prime|A2_prime->A3,1,"A2,A3","A2,A3",1.0,1.0,1.0,1,
3,S1_REPLACEMENT_PASS,B6_MAPEK,COMMIT,COMMIT,1,1,1,2,0,1,0,A1->A2_prime|A2_prime->A3,A1->A2_prime|A2_prime->A3,1,"A2,A3","A2,A3",1.0,1.0,1.0,1,
4,S1_REPLACEMENT_PASS,B6_MAPEK,COMMIT,COMMIT,1,1,1,2,0,1,0,A1->A2_prime|A2_prime->A3,A1->A2_prime|A2_prime->A3,1,"A2,A3","A2,A3",1.0,1.0,1.0,1,
5,S1_REPLACEMENT_PASS,B6_MAPEK,COMMIT,COMMIT,1,1,1,2,0,1,0,A1->A2_prime|A2_prime->A3,A1->A2_prime|A2_prime->A3,1,"A2,A3","A2,A3",1.0,1.0,1.0,1,
6,S1_REPLACEMENT_PASS,B6_MAPEK,COMMIT,COMMIT,1,1,1,2,0,1,0,A1->A2_prime|A2_prime->A3,A1->A2_prime|A2_prime->A3,1,"A2,A3","A2,A3",1.0,1.0,1.0,1,
7,S1_REPLACEMENT_PASS,B6_MAPEK,COMMIT,COMMIT,1,1,1,2,0,1,0,A1->A2_prime|A2_prime->A3,A1->A2_prime|A2_prime->A3,1,"A2,A3","A2,A3",1.0,1.0,1.0,1,
8,S1_REPLACEMENT_PASS,B6_MAPEK,COMMIT,COMMIT,1,1,1,2,0,1,0,A1->A2_prime|A2_prime->A3,A1->A2_prime|A2_prime->A3,1,"A2,A3","A2,A3",1.0,1.0,1.0,1,
9,S1_REPLACEMENT_PASS,B6_MAPEK,COMMIT,COMMIT,1,1,1,2,0,1,0,A1->A2_prime|A2_prime->A3,A1->A2_prime|A2_prime->A3,1,"A2,A3","A2,A3",1.0,1.0,1.0,1,
10,S1_REPLACEMENT_PASS,B6_MAPEK,COMMIT,COMMIT,1,1,1,2,0,1,0,A1->A2_prime|A2_prime->A3,A1->A2_prime|A2_prime->A3,1,"A2,A3","A2,A3",1.0,1.0,1.0,1,
1,S2_REPLACEMENT_FAIL,B1_STATIC,FAIL,ROLLBACK,0,0,0,0,0,0,0,A1->A2|A2->A3,A1->A2|A2->A3,1,,"A2,A3",0.0,0.0,0.0,0,
2,S2_REPLACEMENT_FAIL,B1_STATIC,FAIL,ROLLBACK,0,0,0,0,0,0,0,A1->A2|A2->A3,A1->A2|A2->A3,1,,"A2,A3",0.0,0.0,0.0,0,
3,S2_REPLACEMENT_FAIL,B1_STATIC,FAIL,ROLLBACK,0,0,0,0,0,0,0,A1->A2|A2->A3,A1->A2|A2->A3,1,,"A2,A3",0.0,0.0,0.0,0,
4,S2_REPLACEMENT_FAIL,B1_STATIC,FAIL,ROLLBACK,0,0,0,0,0,0,0,A1->A2|A2->A3,A1->A2|A2->A3,1,,"A2,A3",0.0,0.0,0.0,0,
5,S2_REPLACEMENT_FAIL,B1_STATIC,FAIL,ROLLBACK,0,0,0,0,0,0,0,A1->A2|A2->A3,A1->A2|A2->A3,1,,"A2,A3",0.0,0.0,0.0,0,
6,S2_REPLACEMENT_FAIL,B1_STATIC,FAIL,ROLLBACK,0,0,0,0,0,0,0,A1->A2|A2->A3,A1->A2|A2->A3,1,,"A2,A3",0.0,0.0,0.0,0,
7,S2_REPLACEMENT_FAIL,B1_STATIC,FAIL,ROLLBACK,0,0,0,0,0,0,0,A1->A2|A2->A3,A1->A2|A2->A3,1,,"A2,A3",0.0,0.0,0.0,0,
8,S2_REPLACEMENT_FAIL,B1_STATIC,FAIL,ROLLBACK,0,0,0,0,0,0,0,A1->A2|A2->A3,A1->A2|A2->A3,1,,"A2,A3",0.0,0.0,0.0,0,
9,S2_REPLACEMENT_FAIL,B1_STATIC,FAIL,ROLLBACK,0,0,0,0,0,0,0,A1->A2|A2->A3,A1->A2|A2->A3,1,,"A2,A3",0.0,0.0,0.0,0,
10,S2_REPLACEMENT_FAIL,B1_STATIC,FAIL,ROLLBACK,0,0,0,0,0,0,0,A1->A2|A2->A3,A1->A2|A2->A3,1,,"A2,A3",0.0,0.0,0.0,0,
1,S2_REPLACEMENT_FAIL,B2_DYNAMIC,ROLLBACK,ROLLBACK,1,0,0,2,1,1,0,A1->A2|A2->A3,A1->A2|A2->A3,1,"A2,A3","A2,A3",1.0,1.0,1.0,1,
2,S2_REPLACEMENT_FAIL,B2_DYNAMIC,ROLLBACK,ROLLBACK,1,0,0,2,1,1,0,A1->A2|A2->A3,A1->A2|A2->A3,1,"A2,A3","A2,A3",1.0,1.0,1.0,1,
3,S2_REPLACEMENT_FAIL,B2_DYNAMIC,ROLLBACK,ROLLBACK,1,0,0,2,1,1,0,A1->A2|A2->A3,A1->A2|A2->A3,1,"A2,A3","A2,A3",1.0,1.0,1.0,1,
4,S2_REPLACEMENT_FAIL,B2_DYNAMIC,ROLLBACK,ROLLBACK,1,0,0,2,1,1,0,A1->A2|A2->A3,A1->A2|A2->A3,1,"A2,A3","A2,A3",1.0,1.0,1.0,1,
5,S2_REPLACEMENT_FAIL,B2_DYNAMIC,ROLLBACK,ROLLBACK,1,0,0,2,1,1,0,A1->A2|A2->A3,A1->A2|A2->A3,1,"A2,A3","A2,A3",1.0,1.0,1.0,1,
6,S2_REPLACEMENT_FAIL,B2_DYNAMIC,ROLLBACK,ROLLBACK,1,0,0,2,1,1,0,A1->A2|A2->A3,A1->A2|A2->A3,1,"A2,A3","A2,A3",1.0,1.0,1.0,1,
7,S2_REPLACEMENT_FAIL,B2_DYNAMIC,ROLLBACK,ROLLBACK,1,0,0,2,1,1,0,A1->A2|A2->A3,A1->A2|A2->A3,1,"A2,A3","A2,A3",1.0,1.0,1.0,1,
8,S2_REPLACEMENT_FAIL,B2_DYNAMIC,ROLLBACK,ROLLBACK,1,0,0,2,1,1,0,A1->A2|A2->A3,A1->A2|A2->A3,1,"A2,A3","A2,A3",1.0,1.0,1.0,1,
9,S2_REPLACEMENT_FAIL,B2_DYNAMIC,ROLLBACK,ROLLBACK,1,0,0,2,1,1,0,A1->A2|A2->A3,A1->A2|A2->A3,1,"A2,A3","A2,A3",1.0,1.0,1.0,1,
10,S2_REPLACEMENT_FAIL,B2_DYNAMIC,ROLLBACK,ROLLBACK,1,0,0,2,1,1,0,A1->A2|A2->A3,A1->A2|A2->A3,1,"A2,A3","A2,A3",1.0,1.0,1.0,1,
1,S2_REPLACEMENT_FAIL,B3_UNTYPED,ROLLBACK,ROLLBACK,1,0,0,2,1,1,0,A1->A2|A2->A3,A1->A2|A2->A3,1,"A2,A3","A2,A3",1.0,1.0,1.0,1,
2,S2_REPLACEMENT_FAIL,B3_UNTYPED,ROLLBACK,ROLLBACK,1,0,0,2,1,1,0,A1->A2|A2->A3,A1->A2|A2->A3,1,"A2,A3","A2,A3",1.0,1.0,1.0,1,
3,S2_REPLACEMENT_FAIL,B3_UNTYPED,ROLLBACK,ROLLBACK,1,0,0,2,1,1,0,A1->A2|A2->A3,A1->A2|A2->A3,1,"A2,A3","A2,A3",1.0,1.0,1.0,1,
4,S2_REPLACEMENT_FAIL,B3_UNTYPED,ROLLBACK,ROLLBACK,1,0,0,2,1,1,0,A1->A2|A2->A3,A1->A2|A2->A3,1,"A2,A3","A2,A3",1.0,1.0,1.0,1,
5,S2_REPLACEMENT_FAIL,B3_UNTYPED,ROLLBACK,ROLLBACK,1,0,0,2,1,1,0,A1->A2|A2->A3,A1->A2|A2->A3,1,"A2,A3","A2,A3",1.0,1.0,1.0,1,
6,S2_REPLACEMENT_FAIL,B3_UNTYPED,ROLLBACK,ROLLBACK,1,0,0,2,1,1,0,A1->A2|A2->A3,A1->A2|A2->A3,1,"A2,A3","A2,A3",1.0,1.0,1.0,1,
7,S2_REPLACEMENT_FAIL,B3_UNTYPED,ROLLBACK,ROLLBACK,1,0,0,2,1,1,0,A1->A2|A2->A3,A1->A2|A2->A3,1,"A2,A3","A2,A3",1.0,1.0,1.0,1,
8,S2_REPLACEMENT_FAIL,B3_UNTYPED,ROLLBACK,ROLLBACK,1,0,0,2,1,1,0,A1->A2|A2->A3,A1->A2|A2->A3,1,"A2,A3","A2,A3",1.0,1.0,1.0,1,
9,S2_REPLACEMENT_FAIL,B3_UNTYPED,ROLLBACK,ROLLBACK,1,0,0,2,1,1,0,A1->A2|A2->A3,A1->A2|A2->A3,1,"A2,A3","A2,A3",1.0,1.0,1.0,1,
10,S2_REPLACEMENT_FAIL,B3_UNTYPED,ROLLBACK,ROLLBACK,1,0,0,2,1,1,0,A1->A2|A2->A3,A1->A2|A2->A3,1,"A2,A3","A2,A3",1.0,1.0,1.0,1,
1,S2_REPLACEMENT_FAIL,B4_RASE_NO_EAS,ROLLBACK,ROLLBACK,1,0,0,2,1,1,0,A1->A2|A2->A3,A1->A2|A2->A3,1,"A2,A3","A2,A3",1.0,1.0,1.0,1,
2,S2_REPLACEMENT_FAIL,B4_RASE_NO_EAS,ROLLBACK,ROLLBACK,1,0,0,2,1,1,0,A1->A2|A2->A3,A1->A2|A2->A3,1,"A2,A3","A2,A3",1.0,1.0,1.0,1,
3,S2_REPLACEMENT_FAIL,B4_RASE_NO_EAS,ROLLBACK,ROLLBACK,1,0,0,2,1,1,0,A1->A2|A2->A3,A1->A2|A2->A3,1,"A2,A3","A2,A3",1.0,1.0,1.0,1,
4,S2_REPLACEMENT_FAIL,B4_RASE_NO_EAS,ROLLBACK,ROLLBACK,1,0,0,2,1,1,0,A1->A2|A2->A3,A1->A2|A2->A3,1,"A2,A3","A2,A3",1.0,1.0,1.0,1,
5,S2_REPLACEMENT_FAIL,B4_RASE_NO_EAS,ROLLBACK,ROLLBACK,1,0,0,2,1,1,0,A1->A2|A2->A3,A1->A2|A2->A3,1,"A2,A3","A2,A3",1.0,1.0,1.0,1,
6,S2_REPLACEMENT_FAIL,B4_RASE_NO_EAS,ROLLBACK,ROLLBACK,1,0,0,2,1,1,0,A1->A2|A2->A3,A1->A2|A2->A3,1,"A2,A3","A2,A3",1.0,1.0,1.0,1,
7,S2_REPLACEMENT_FAIL,B4_RASE_NO_EAS,ROLLBACK,ROLLBACK,1,0,0,2,1,1,0,A1->A2|A2->A3,A1->A2|A2->A3,1,"A2,A3","A2,A3",1.0,1.0,1.0,1,
8,S2_REPLACEMENT_FAIL,B4_RASE_NO_EAS,ROLLBACK,ROLLBACK,1,0,0,2,1,1,0,A1->A2|A2->A3,A1->A2|A2->A3,1,"A2,A3","A2,A3",1.0,1.0,1.0,1,
9,S2_REPLACEMENT_FAIL,B4_RASE_NO_EAS,ROLLBACK,ROLLBACK,1,0,0,2,1,1,0,A1->A2|A2->A3,A1->A2|A2->A3,1,"A2,A3","A2,A3",1.0,1.0,1.0,1,
10,S2_REPLACEMENT_FAIL,B4_RASE_NO_EAS,ROLLBACK,ROLLBACK,1,0,0,2,1,1,0,A1->A2|A2->A3,A1->A2|A2->A3,1,"A2,A3","A2,A3",1.0,1.0,1.0,1,
1,S2_REPLACEMENT_FAIL,B5_RASE,ROLLBACK,ROLLBACK,1,0,0,2,1,1,0,A1->A2|A2->A3,A1->A2|A2->A3,1,"A2,A3","A2,A3",1.0,1.0,1.0,1,
2,S2_REPLACEMENT_FAIL,B5_RASE,ROLLBACK,ROLLBACK,1,0,0,2,1,1,0,A1->A2|A2->A3,A1->A2|A2->A3,1,"A2,A3","A2,A3",1.0,1.0,1.0,1,
3,S2_REPLACEMENT_FAIL,B5_RASE,ROLLBACK,ROLLBACK,1,0,0,2,1,1,0,A1->A2|A2->A3,A1->A2|A2->A3,1,"A2,A3","A2,A3",1.0,1.0,1.0,1,
4,S2_REPLACEMENT_FAIL,B5_RASE,ROLLBACK,ROLLBACK,1,0,0,2,1,1,0,A1->A2|A2->A3,A1->A2|A2->A3,1,"A2,A3","A2,A3",1.0,1.0,1.0,1,
5,S2_REPLACEMENT_FAIL,B5_RASE,ROLLBACK,ROLLBACK,1,0,0,2,1,1,0,A1->A2|A2->A3,A1->A2|A2->A3,1,"A2,A3","A2,A3",1.0,1.0,1.0,1,
6,S2_REPLACEMENT_FAIL,B5_RASE,ROLLBACK,ROLLBACK,1,0,0,2,1,1,0,A1->A2|A2->A3,A1->A2|A2->A3,1,"A2,A3","A2,A3",1.0,1.0,1.0,1,
7,S2_REPLACEMENT_FAIL,B5_RASE,ROLLBACK,ROLLBACK,1,0,0,2,1,1,0,A1->A2|A2->A3,A1->A2|A2->A3,1,"A2,A3","A2,A3",1.0,1.0,1.0,1,
8,S2_REPLACEMENT_FAIL,B5_RASE,ROLLBACK,ROLLBACK,1,0,0,2,1,1,0,A1->A2|A2->A3,A1->A2|A2->A3,1,"A2,A3","A2,A3",1.0,1.0,1.0,1,
9,S2_REPLACEMENT_FAIL,B5_RASE,ROLLBACK,ROLLBACK,1,0,0,2,1,1,0,A1->A2|A2->A3,A1->A2|A2->A3,1,"A2,A3","A2,A3",1.0,1.0,1.0,1,
10,S2_REPLACEMENT_FAIL,B5_RASE,ROLLBACK,ROLLBACK,1,0,0,2,1,1,0,A1->A2|A2->A3,A1->A2|A2->A3,1,"A2,A3","A2,A3",1.0,1.0,1.0,1,
1,S2_REPLACEMENT_FAIL,B6_MAPEK,ROLLBACK,ROLLBACK,1,0,0,2,1,1,0,A1->A2|A2->A3,A1->A2|A2->A3,1,"A2,A3","A2,A3",1.0,1.0,1.0,1,
2,S2_REPLACEMENT_FAIL,B6_MAPEK,ROLLBACK,ROLLBACK,1,0,0,2,1,1,0,A1->A2|A2->A3,A1->A2|A2->A3,1,"A2,A3","A2,A3",1.0,1.0,1.0,1,
3,S2_REPLACEMENT_FAIL,B6_MAPEK,ROLLBACK,ROLLBACK,1,0,0,2,1,1,0,A1->A2|A2->A3,A1->A2|A2->A3,1,"A2,A3","A2,A3",1.0,1.0,1.0,1,
4,S2_REPLACEMENT_FAIL,B6_MAPEK,ROLLBACK,ROLLBACK,1,0,0,2,1,1,0,A1->A2|A2->A3,A1->A2|A2->A3,1,"A2,A3","A2,A3",1.0,1.0,1.0,1,
5,S2_REPLACEMENT_FAIL,B6_MAPEK,ROLLBACK,ROLLBACK,1,0,0,2,1,1,0,A1->A2|A2->A3,A1->A2|A2->A3,1,"A2,A3","A2,A3",1.0,1.0,1.0,1,
6,S2_REPLACEMENT_FAIL,B6_MAPEK,ROLLBACK,ROLLBACK,1,0,0,2,1,1,0,A1->A2|A2->A3,A1->A2|A2->A3,1,"A2,A3","A2,A3",1.0,1.0,1.0,1,
7,S2_REPLACEMENT_FAIL,B6_MAPEK,ROLLBACK,ROLLBACK,1,0,0,2,1,1,0,A1->A2|A2->A3,A1->A2|A2->A3,1,"A2,A3","A2,A3",1.0,1.0,1.0,1,
8,S2_REPLACEMENT_FAIL,B6_MAPEK,ROLLBACK,ROLLBACK,1,0,0,2,1,1,0,A1->A2|A2->A3,A1->A2|A2->A3,1,"A2,A3","A2,A3",1.0,1.0,1.0,1,
9,S2_REPLACEMENT_FAIL,B6_MAPEK,ROLLBACK,ROLLBACK,1,0,0,2,1,1,0,A1->A2|A2->A3,A1->A2|A2->A3,1,"A2,A3","A2,A3",1.0,1.0,1.0,1,
10,S2_REPLACEMENT_FAIL,B6_MAPEK,ROLLBACK,ROLLBACK,1,0,0,2,1,1,0,A1->A2|A2->A3,A1->A2|A2->A3,1,"A2,A3","A2,A3",1.0,1.0,1.0,1,
1,S3_NO_REPLACEMENT,B1_STATIC,FAIL,NO_REPLACEMENT,0,0,0,0,0,1,0,A1->A2|A2->A3,A1->A2|A2->A3,1,,"A2,A3",0.0,0.0,0.0,0,
2,S3_NO_REPLACEMENT,B1_STATIC,FAIL,NO_REPLACEMENT,0,0,0,0,0,1,0,A1->A2|A2->A3,A1->A2|A2->A3,1,,"A2,A3",0.0,0.0,0.0,0,
3,S3_NO_REPLACEMENT,B1_STATIC,FAIL,NO_REPLACEMENT,0,0,0,0,0,1,0,A1->A2|A2->A3,A1->A2|A2->A3,1,,"A2,A3",0.0,0.0,0.0,0,
4,S3_NO_REPLACEMENT,B1_STATIC,FAIL,NO_REPLACEMENT,0,0,0,0,0,1,0,A1->A2|A2->A3,A1->A2|A2->A3,1,,"A2,A3",0.0,0.0,0.0,0,
5,S3_NO_REPLACEMENT,B1_STATIC,FAIL,NO_REPLACEMENT,0,0,0,0,0,1,0,A1->A2|A2->A3,A1->A2|A2->A3,1,,"A2,A3",0.0,0.0,0.0,0,
6,S3_NO_REPLACEMENT,B1_STATIC,FAIL,NO_REPLACEMENT,0,0,0,0,0,1,0,A1->A2|A2->A3,A1->A2|A2->A3,1,,"A2,A3",0.0,0.0,0.0,0,
7,S3_NO_REPLACEMENT,B1_STATIC,FAIL,NO_REPLACEMENT,0,0,0,0,0,1,0,A1->A2|A2->A3,A1->A2|A2->A3,1,,"A2,A3",0.0,0.0,0.0,0,
8,S3_NO_REPLACEMENT,B1_STATIC,FAIL,NO_REPLACEMENT,0,0,0,0,0,1,0,A1->A2|A2->A3,A1->A2|A2->A3,1,,"A2,A3",0.0,0.0,0.0,0,
9,S3_NO_REPLACEMENT,B1_STATIC,FAIL,NO_REPLACEMENT,0,0,0,0,0,1,0,A1->A2|A2->A3,A1->A2|A2->A3,1,,"A2,A3",0.0,0.0,0.0,0,
10,S3_NO_REPLACEMENT,B1_STATIC,FAIL,NO_REPLACEMENT,0,0,0,0,0,1,0,A1->A2|A2->A3,A1->A2|A2->A3,1,,"A2,A3",0.0,0.0,0.0,0,
1,S3_NO_REPLACEMENT,B2_DYNAMIC,NO_REPLACEMENT,NO_REPLACEMENT,1,0,0,0,0,1,0,A1->A2|A2->A3,A1->A2|A2->A3,1,"A2,A3","A2,A3",1.0,1.0,1.0,1,
2,S3_NO_REPLACEMENT,B2_DYNAMIC,NO_REPLACEMENT,NO_REPLACEMENT,1,0,0,0,0,1,0,A1->A2|A2->A3,A1->A2|A2->A3,1,"A2,A3","A2,A3",1.0,1.0,1.0,1,
3,S3_NO_REPLACEMENT,B2_DYNAMIC,NO_REPLACEMENT,NO_REPLACEMENT,1,0,0,0,0,1,0,A1->A2|A2->A3,A1->A2|A2->A3,1,"A2,A3","A2,A3",1.0,1.0,1.0,1,
4,S3_NO_REPLACEMENT,B2_DYNAMIC,NO_REPLACEMENT,NO_REPLACEMENT,1,0,0,0,0,1,0,A1->A2|A2->A3,A1->A2|A2->A3,1,"A2,A3","A2,A3",1.0,1.0,1.0,1,
5,S3_NO_REPLACEMENT,B2_DYNAMIC,NO_REPLACEMENT,NO_REPLACEMENT,1,0,0,0,0,1,0,A1->A2|A2->A3,A1->A2|A2->A3,1,"A2,A3","A2,A3",1.0,1.0,1.0,1,
6,S3_NO_REPLACEMENT,B2_DYNAMIC,NO_REPLACEMENT,NO_REPLACEMENT,1,0,0,0,0,1,0,A1->A2|A2->A3,A1->A2|A2->A3,1,"A2,A3","A2,A3",1.0,1.0,1.0,1,
7,S3_NO_REPLACEMENT,B2_DYNAMIC,NO_REPLACEMENT,NO_REPLACEMENT,1,0,0,0,0,1,0,A1->A2|A2->A3,A1->A2|A2->A3,1,"A2,A3","A2,A3",1.0,1.0,1.0,1,
8,S3_NO_REPLACEMENT,B2_DYNAMIC,NO_REPLACEMENT,NO_REPLACEMENT,1,0,0,0,0,1,0,A1->A2|A2->A3,A1->A2|A2->A3,1,"A2,A3","A2,A3",1.0,1.0,1.0,1,
9,S3_NO_REPLACEMENT,B2_DYNAMIC,NO_REPLACEMENT,NO_REPLACEMENT,1,0,0,0,0,1,0,A1->A2|A2->A3,A1->A2|A2->A3,1,"A2,A3","A2,A3",1.0,1.0,1.0,1,
10,S3_NO_REPLACEMENT,B2_DYNAMIC,NO_REPLACEMENT,NO_REPLACEMENT,1,0,0,0,0,1,0,A1->A2|A2->A3,A1->A2|A2->A3,1,"A2,A3","A2,A3",1.0,1.0,1.0,1,
1,S3_NO_REPLACEMENT,B3_UNTYPED,NO_REPLACEMENT,NO_REPLACEMENT,1,0,0,0,0,1,0,A1->A2|A2->A3,A1->A2|A2->A3,1,"A2,A3","A2,A3",1.0,1.0,1.0,1,
2,S3_NO_REPLACEMENT,B3_UNTYPED,NO_REPLACEMENT,NO_REPLACEMENT,1,0,0,0,0,1,0,A1->A2|A2->A3,A1->A2|A2->A3,1,"A2,A3","A2,A3",1.0,1.0,1.0,1,
3,S3_NO_REPLACEMENT,B3_UNTYPED,NO_REPLACEMENT,NO_REPLACEMENT,1,0,0,0,0,1,0,A1->A2|A2->A3,A1->A2|A2->A3,1,"A2,A3","A2,A3",1.0,1.0,1.0,1,
4,S3_NO_REPLACEMENT,B3_UNTYPED,NO_REPLACEMENT,NO_REPLACEMENT,1,0,0,0,0,1,0,A1->A2|A2->A3,A1->A2|A2->A3,1,"A2,A3","A2,A3",1.0,1.0,1.0,1,
5,S3_NO_REPLACEMENT,B3_UNTYPED,NO_REPLACEMENT,NO_REPLACEMENT,1,0,0,0,0,1,0,A1->A2|A2->A3,A1->A2|A2->A3,1,"A2,A3","A2,A3",1.0,1.0,1.0,1,
6,S3_NO_REPLACEMENT,B3_UNTYPED,NO_REPLACEMENT,NO_REPLACEMENT,1,0,0,0,0,1,0,A1->A2|A2->A3,A1->A2|A2->A3,1,"A2,A3","A2,A3",1.0,1.0,1.0,1,
7,S3_NO_REPLACEMENT,B3_UNTYPED,NO_REPLACEMENT,NO_REPLACEMENT,1,0,0,0,0,1,0,A1->A2|A2->A3,A1->A2|A2->A3,1,"A2,A3","A2,A3",1.0,1.0,1.0,1,
8,S3_NO_REPLACEMENT,B3_UNTYPED,NO_REPLACEMENT,NO_REPLACEMENT,1,0,0,0,0,1,0,A1->A2|A2->A3,A1->A2|A2->A3,1,"A2,A3","A2,A3",1.0,1.0,1.0,1,
9,S3_NO_REPLACEMENT,B3_UNTYPED,NO_REPLACEMENT,NO_REPLACEMENT,1,0,0,0,0,1,0,A1->A2|A2->A3,A1->A2|A2->A3,1,"A2,A3","A2,A3",1.0,1.0,1.0,1,
10,S3_NO_REPLACEMENT,B3_UNTYPED,NO_REPLACEMENT,NO_REPLACEMENT,1,0,0,0,0,1,0,A1->A2|A2->A3,A1->A2|A2->A3,1,"A2,A3","A2,A3",1.0,1.0,1.0,1,
1,S3_NO_REPLACEMENT,B4_RASE_NO_EAS,NO_REPLACEMENT,NO_REPLACEMENT,1,0,0,0,0,1,0,A1->A2|A2->A3,A1->A2|A2->A3,1,"A2,A3","A2,A3",1.0,1.0,1.0,1,
2,S3_NO_REPLACEMENT,B4_RASE_NO_EAS,NO_REPLACEMENT,NO_REPLACEMENT,1,0,0,0,0,1,0,A1->A2|A2->A3,A1->A2|A2->A3,1,"A2,A3","A2,A3",1.0,1.0,1.0,1,
3,S3_NO_REPLACEMENT,B4_RASE_NO_EAS,NO_REPLACEMENT,NO_REPLACEMENT,1,0,0,0,0,1,0,A1->A2|A2->A3,A1->A2|A2->A3,1,"A2,A3","A2,A3",1.0,1.0,1.0,1,
4,S3_NO_REPLACEMENT,B4_RASE_NO_EAS,NO_REPLACEMENT,NO_REPLACEMENT,1,0,0,0,0,1,0,A1->A2|A2->A3,A1->A2|A2->A3,1,"A2,A3","A2,A3",1.0,1.0,1.0,1,
5,S3_NO_REPLACEMENT,B4_RASE_NO_EAS,NO_REPLACEMENT,NO_REPLACEMENT,1,0,0,0,0,1,0,A1->A2|A2->A3,A1->A2|A2->A3,1,"A2,A3","A2,A3",1.0,1.0,1.0,1,
6,S3_NO_REPLACEMENT,B4_RASE_NO_EAS,NO_REPLACEMENT,NO_REPLACEMENT,1,0,0,0,0,1,0,A1->A2|A2->A3,A1->A2|A2->A3,1,"A2,A3","A2,A3",1.0,1.0,1.0,1,
7,S3_NO_REPLACEMENT,B4_RASE_NO_EAS,NO_REPLACEMENT,NO_REPLACEMENT,1,0,0,0,0,1,0,A1->A2|A2->A3,A1->A2|A2->A3,1,"A2,A3","A2,A3",1.0,1.0,1.0,1,
8,S3_NO_REPLACEMENT,B4_RASE_NO_EAS,NO_REPLACEMENT,NO_REPLACEMENT,1,0,0,0,0,1,0,A1->A2|A2->A3,A1->A2|A2->A3,1,"A2,A3","A2,A3",1.0,1.0,1.0,1,
9,S3_NO_REPLACEMENT,B4_RASE_NO_EAS,NO_REPLACEMENT,NO_REPLACEMENT,1,0,0,0,0,1,0,A1->A2|A2->A3,A1->A2|A2->A3,1,"A2,A3","A2,A3",1.0,1.0,1.0,1,
10,S3_NO_REPLACEMENT,B4_RASE_NO_EAS,NO_REPLACEMENT,NO_REPLACEMENT,1,0,0,0,0,1,0,A1->A2|A2->A3,A1->A2|A2->A3,1,"A2,A3","A2,A3",1.0,1.0,1.0,1,
1,S3_NO_REPLACEMENT,B5_RASE,NO_REPLACEMENT,NO_REPLACEMENT,1,0,0,0,0,1,0,A1->A2|A2->A3,A1->A2|A2->A3,1,"A2,A3","A2,A3",1.0,1.0,1.0,1,
2,S3_NO_REPLACEMENT,B5_RASE,NO_REPLACEMENT,NO_REPLACEMENT,1,0,0,0,0,1,0,A1->A2|A2->A3,A1->A2|A2->A3,1,"A2,A3","A2,A3",1.0,1.0,1.0,1,
3,S3_NO_REPLACEMENT,B5_RASE,NO_REPLACEMENT,NO_REPLACEMENT,1,0,0,0,0,1,0,A1->A2|A2->A3,A1->A2|A2->A3,1,"A2,A3","A2,A3",1.0,1.0,1.0,1,
4,S3_NO_REPLACEMENT,B5_RASE,NO_REPLACEMENT,NO_REPLACEMENT,1,0,0,0,0,1,0,A1->A2|A2->A3,A1->A2|A2->A3,1,"A2,A3","A2,A3",1.0,1.0,1.0,1,
5,S3_NO_REPLACEMENT,B5_RASE,NO_REPLACEMENT,NO_REPLACEMENT,1,0,0,0,0,1,0,A1->A2|A2->A3,A1->A2|A2->A3,1,"A2,A3","A2,A3",1.0,1.0,1.0,1,
6,S3_NO_REPLACEMENT,B5_RASE,NO_REPLACEMENT,NO_REPLACEMENT,1,0,0,0,0,1,0,A1->A2|A2->A3,A1->A2|A2->A3,1,"A2,A3","A2,A3",1.0,1.0,1.0,1,
7,S3_NO_REPLACEMENT,B5_RASE,NO_REPLACEMENT,NO_REPLACEMENT,1,0,0,0,0,1,0,A1->A2|A2->A3,A1->A2|A2->A3,1,"A2,A3","A2,A3",1.0,1.0,1.0,1,
8,S3_NO_REPLACEMENT,B5_RASE,NO_REPLACEMENT,NO_REPLACEMENT,1,0,0,0,0,1,0,A1->A2|A2->A3,A1->A2|A2->A3,1,"A2,A3","A2,A3",1.0,1.0,1.0,1,
9,S3_NO_REPLACEMENT,B5_RASE,NO_REPLACEMENT,NO_REPLACEMENT,1,0,0,0,0,1,0,A1->A2|A2->A3,A1->A2|A2->A3,1,"A2,A3","A2,A3",1.0,1.0,1.0,1,
10,S3_NO_REPLACEMENT,B5_RASE,NO_REPLACEMENT,NO_REPLACEMENT,1,0,0,0,0,1,0,A1->A2|A2->A3,A1->A2|A2->A3,1,"A2,A3","A2,A3",1.0,1.0,1.0,1,
1,S3_NO_REPLACEMENT,B6_MAPEK,NO_REPLACEMENT,NO_REPLACEMENT,1,0,0,0,0,1,0,A1->A2|A2->A3,A1->A2|A2->A3,1,"A2,A3","A2,A3",1.0,1.0,1.0,1,
2,S3_NO_REPLACEMENT,B6_MAPEK,NO_REPLACEMENT,NO_REPLACEMENT,1,0,0,0,0,1,0,A1->A2|A2->A3,A1->A2|A2->A3,1,"A2,A3","A2,A3",1.0,1.0,1.0,1,
3,S3_NO_REPLACEMENT,B6_MAPEK,NO_REPLACEMENT,NO_REPLACEMENT,1,0,0,0,0,1,0,A1->A2|A2->A3,A1->A2|A2->A3,1,"A2,A3","A2,A3",1.0,1.0,1.0,1,
4,S3_NO_REPLACEMENT,B6_MAPEK,NO_REPLACEMENT,NO_REPLACEMENT,1,0,0,0,0,1,0,A1->A2|A2->A3,A1->A2|A2->A3,1,"A2,A3","A2,A3",1.0,1.0,1.0,1,
5,S3_NO_REPLACEMENT,B6_MAPEK,NO_REPLACEMENT,NO_REPLACEMENT,1,0,0,0,0,1,0,A1->A2|A2->A3,A1->A2|A2->A3,1,"A2,A3","A2,A3",1.0,1.0,1.0,1,
6,S3_NO_REPLACEMENT,B6_MAPEK,NO_REPLACEMENT,NO_REPLACEMENT,1,0,0,0,0,1,0,A1->A2|A2->A3,A1->A2|A2->A3,1,"A2,A3","A2,A3",1.0,1.0,1.0,1,
7,S3_NO_REPLACEMENT,B6_MAPEK,NO_REPLACEMENT,NO_REPLACEMENT,1,0,0,0,0,1,0,A1->A2|A2->A3,A1->A2|A2->A3,1,"A2,A3","A2,A3",1.0,1.0,1.0,1,
8,S3_NO_REPLACEMENT,B6_MAPEK,NO_REPLACEMENT,NO_REPLACEMENT,1,0,0,0,0,1,0,A1->A2|A2->A3,A1->A2|A2->A3,1,"A2,A3","A2,A3",1.0,1.0,1.0,1,
9,S3_NO_REPLACEMENT,B6_MAPEK,NO_REPLACEMENT,NO_REPLACEMENT,1,0,0,0,0,1,0,A1->A2|A2->A3,A1->A2|A2->A3,1,"A2,A3","A2,A3",1.0,1.0,1.0,1,
10,S3_NO_REPLACEMENT,B6_MAPEK,NO_REPLACEMENT,NO_REPLACEMENT,1,0,0,0,0,1,0,A1->A2|A2->A3,A1->A2|A2->A3,1,"A2,A3","A2,A3",1.0,1.0,1.0,1,
1,S4_IRRELEVANT_BRANCH,B1_STATIC,FAIL,NO_REPLACEMENT,0,0,0,0,0,1,0,A1->A2|A2->A3,A1->A2|A2->A3,1,,"A2,A3",0.0,0.0,0.0,0,
2,S4_IRRELEVANT_BRANCH,B1_STATIC,FAIL,NO_REPLACEMENT,0,0,0,0,0,1,0,A1->A2|A2->A3,A1->A2|A2->A3,1,,"A2,A3",0.0,0.0,0.0,0,
3,S4_IRRELEVANT_BRANCH,B1_STATIC,FAIL,NO_REPLACEMENT,0,0,0,0,0,1,0,A1->A2|A2->A3,A1->A2|A2->A3,1,,"A2,A3",0.0,0.0,0.0,0,
4,S4_IRRELEVANT_BRANCH,B1_STATIC,FAIL,NO_REPLACEMENT,0,0,0,0,0,1,0,A1->A2|A2->A3,A1->A2|A2->A3,1,,"A2,A3",0.0,0.0,0.0,0,
5,S4_IRRELEVANT_BRANCH,B1_STATIC,FAIL,NO_REPLACEMENT,0,0,0,0,0,1,0,A1->A2|A2->A3,A1->A2|A2->A3,1,,"A2,A3",0.0,0.0,0.0,0,
6,S4_IRRELEVANT_BRANCH,B1_STATIC,FAIL,NO_REPLACEMENT,0,0,0,0,0,1,0,A1->A2|A2->A3,A1->A2|A2->A3,1,,"A2,A3",0.0,0.0,0.0,0,
7,S4_IRRELEVANT_BRANCH,B1_STATIC,FAIL,NO_REPLACEMENT,0,0,0,0,0,1,0,A1->A2|A2->A3,A1->A2|A2->A3,1,,"A2,A3",0.0,0.0,0.0,0,
8,S4_IRRELEVANT_BRANCH,B1_STATIC,FAIL,NO_REPLACEMENT,0,0,0,0,0,1,0,A1->A2|A2->A3,A1->A2|A2->A3,1,,"A2,A3",0.0,0.0,0.0,0,
9,S4_IRRELEVANT_BRANCH,B1_STATIC,FAIL,NO_REPLACEMENT,0,0,0,0,0,1,0,A1->A2|A2->A3,A1->A2|A2->A3,1,,"A2,A3",0.0,0.0,0.0,0,
10,S4_IRRELEVANT_BRANCH,B1_STATIC,FAIL,NO_REPLACEMENT,0,0,0,0,0,1,0,A1->A2|A2->A3,A1->A2|A2->A3,1,,"A2,A3",0.0,0.0,0.0,0,
1,S4_IRRELEVANT_BRANCH,B2_DYNAMIC,NO_REPLACEMENT,NO_REPLACEMENT,1,0,0,0,0,1,0,A1->A2|A2->A3,A1->A2|A2->A3,1,"A2,A3","A2,A3",1.0,1.0,1.0,1,
2,S4_IRRELEVANT_BRANCH,B2_DYNAMIC,NO_REPLACEMENT,NO_REPLACEMENT,1,0,0,0,0,1,0,A1->A2|A2->A3,A1->A2|A2->A3,1,"A2,A3","A2,A3",1.0,1.0,1.0,1,
3,S4_IRRELEVANT_BRANCH,B2_DYNAMIC,NO_REPLACEMENT,NO_REPLACEMENT,1,0,0,0,0,1,0,A1->A2|A2->A3,A1->A2|A2->A3,1,"A2,A3","A2,A3",1.0,1.0,1.0,1,
4,S4_IRRELEVANT_BRANCH,B2_DYNAMIC,NO_REPLACEMENT,NO_REPLACEMENT,1,0,0,0,0,1,0,A1->A2|A2->A3,A1->A2|A2->A3,1,"A2,A3","A2,A3",1.0,1.0,1.0,1,
5,S4_IRRELEVANT_BRANCH,B2_DYNAMIC,NO_REPLACEMENT,NO_REPLACEMENT,1,0,0,0,0,1,0,A1->A2|A2->A3,A1->A2|A2->A3,1,"A2,A3","A2,A3",1.0,1.0,1.0,1,
6,S4_IRRELEVANT_BRANCH,B2_DYNAMIC,NO_REPLACEMENT,NO_REPLACEMENT,1,0,0,0,0,1,0,A1->A2|A2->A3,A1->A2|A2->A3,1,"A2,A3","A2,A3",1.0,1.0,1.0,1,
7,S4_IRRELEVANT_BRANCH,B2_DYNAMIC,NO_REPLACEMENT,NO_REPLACEMENT,1,0,0,0,0,1,0,A1->A2|A2->A3,A1->A2|A2->A3,1,"A2,A3","A2,A3",1.0,1.0,1.0,1,
8,S4_IRRELEVANT_BRANCH,B2_DYNAMIC,NO_REPLACEMENT,NO_REPLACEMENT,1,0,0,0,0,1,0,A1->A2|A2->A3,A1->A2|A2->A3,1,"A2,A3","A2,A3",1.0,1.0,1.0,1,
9,S4_IRRELEVANT_BRANCH,B2_DYNAMIC,NO_REPLACEMENT,NO_REPLACEMENT,1,0,0,0,0,1,0,A1->A2|A2->A3,A1->A2|A2->A3,1,"A2,A3","A2,A3",1.0,1.0,1.0,1,
10,S4_IRRELEVANT_BRANCH,B2_DYNAMIC,NO_REPLACEMENT,NO_REPLACEMENT,1,0,0,0,0,1,0,A1->A2|A2->A3,A1->A2|A2->A3,1,"A2,A3","A2,A3",1.0,1.0,1.0,1,
1,S4_IRRELEVANT_BRANCH,B3_UNTYPED,NO_REPLACEMENT,NO_REPLACEMENT,1,0,0,0,0,1,0,A1->A2|A2->A3,A1->A2|A2->A3,1,"A2,A3,A4","A2,A3",0.6666666666666666,1.0,0.8,1,
2,S4_IRRELEVANT_BRANCH,B3_UNTYPED,NO_REPLACEMENT,NO_REPLACEMENT,1,0,0,0,0,1,0,A1->A2|A2->A3,A1->A2|A2->A3,1,"A2,A3,A4","A2,A3",0.6666666666666666,1.0,0.8,1,
3,S4_IRRELEVANT_BRANCH,B3_UNTYPED,NO_REPLACEMENT,NO_REPLACEMENT,1,0,0,0,0,1,0,A1->A2|A2->A3,A1->A2|A2->A3,1,"A2,A3,A4","A2,A3",0.6666666666666666,1.0,0.8,1,
4,S4_IRRELEVANT_BRANCH,B3_UNTYPED,NO_REPLACEMENT,NO_REPLACEMENT,1,0,0,0,0,1,0,A1->A2|A2->A3,A1->A2|A2->A3,1,"A2,A3,A4","A2,A3",0.6666666666666666,1.0,0.8,1,
5,S4_IRRELEVANT_BRANCH,B3_UNTYPED,NO_REPLACEMENT,NO_REPLACEMENT,1,0,0,0,0,1,0,A1->A2|A2->A3,A1->A2|A2->A3,1,"A2,A3,A4","A2,A3",0.6666666666666666,1.0,0.8,1,
6,S4_IRRELEVANT_BRANCH,B3_UNTYPED,NO_REPLACEMENT,NO_REPLACEMENT,1,0,0,0,0,1,0,A1->A2|A2->A3,A1->A2|A2->A3,1,"A2,A3,A4","A2,A3",0.6666666666666666,1.0,0.8,1,
7,S4_IRRELEVANT_BRANCH,B3_UNTYPED,NO_REPLACEMENT,NO_REPLACEMENT,1,0,0,0,0,1,0,A1->A2|A2->A3,A1->A2|A2->A3,1,"A2,A3,A4","A2,A3",0.6666666666666666,1.0,0.8,1,
8,S4_IRRELEVANT_BRANCH,B3_UNTYPED,NO_REPLACEMENT,NO_REPLACEMENT,1,0,0,0,0,1,0,A1->A2|A2->A3,A1->A2|A2->A3,1,"A2,A3,A4","A2,A3",0.6666666666666666,1.0,0.8,1,
9,S4_IRRELEVANT_BRANCH,B3_UNTYPED,NO_REPLACEMENT,NO_REPLACEMENT,1,0,0,0,0,1,0,A1->A2|A2->A3,A1->A2|A2->A3,1,"A2,A3,A4","A2,A3",0.6666666666666666,1.0,0.8,1,
10,S4_IRRELEVANT_BRANCH,B3_UNTYPED,NO_REPLACEMENT,NO_REPLACEMENT,1,0,0,0,0,1,0,A1->A2|A2->A3,A1->A2|A2->A3,1,"A2,A3,A4","A2,A3",0.6666666666666666,1.0,0.8,1,
1,S4_IRRELEVANT_BRANCH,B4_RASE_NO_EAS,NO_REPLACEMENT,NO_REPLACEMENT,1,0,0,0,0,1,0,A1->A2|A2->A3,A1->A2|A2->A3,1,"A2,A3","A2,A3",1.0,1.0,1.0,1,
2,S4_IRRELEVANT_BRANCH,B4_RASE_NO_EAS,NO_REPLACEMENT,NO_REPLACEMENT,1,0,0,0,0,1,0,A1->A2|A2->A3,A1->A2|A2->A3,1,"A2,A3","A2,A3",1.0,1.0,1.0,1,
3,S4_IRRELEVANT_BRANCH,B4_RASE_NO_EAS,NO_REPLACEMENT,NO_REPLACEMENT,1,0,0,0,0,1,0,A1->A2|A2->A3,A1->A2|A2->A3,1,"A2,A3","A2,A3",1.0,1.0,1.0,1,
4,S4_IRRELEVANT_BRANCH,B4_RASE_NO_EAS,NO_REPLACEMENT,NO_REPLACEMENT,1,0,0,0,0,1,0,A1->A2|A2->A3,A1->A2|A2->A3,1,"A2,A3","A2,A3",1.0,1.0,1.0,1,
5,S4_IRRELEVANT_BRANCH,B4_RASE_NO_EAS,NO_REPLACEMENT,NO_REPLACEMENT,1,0,0,0,0,1,0,A1->A2|A2->A3,A1->A2|A2->A3,1,"A2,A3","A2,A3",1.0,1.0,1.0,1,
6,S4_IRRELEVANT_BRANCH,B4_RASE_NO_EAS,NO_REPLACEMENT,NO_REPLACEMENT,1,0,0,0,0,1,0,A1->A2|A2->A3,A1->A2|A2->A3,1,"A2,A3","A2,A3",1.0,1.0,1.0,1,
7,S4_IRRELEVANT_BRANCH,B4_RASE_NO_EAS,NO_REPLACEMENT,NO_REPLACEMENT,1,0,0,0,0,1,0,A1->A2|A2->A3,A1->A2|A2->A3,1,"A2,A3","A2,A3",1.0,1.0,1.0,1,
8,S4_IRRELEVANT_BRANCH,B4_RASE_NO_EAS,NO_REPLACEMENT,NO_REPLACEMENT,1,0,0,0,0,1,0,A1->A2|A2->A3,A1->A2|A2->A3,1,"A2,A3","A2,A3",1.0,1.0,1.0,1,
9,S4_IRRELEVANT_BRANCH,B4_RASE_NO_EAS,NO_REPLACEMENT,NO_REPLACEMENT,1,0,0,0,0,1,0,A1->A2|A2->A3,A1->A2|A2->A3,1,"A2,A3","A2,A3",1.0,1.0,1.0,1,
10,S4_IRRELEVANT_BRANCH,B4_RASE_NO_EAS,NO_REPLACEMENT,NO_REPLACEMENT,1,0,0,0,0,1,0,A1->A2|A2->A3,A1->A2|A2->A3,1,"A2,A3","A2,A3",1.0,1.0,1.0,1,
1,S4_IRRELEVANT_BRANCH,B5_RASE,NO_REPLACEMENT,NO_REPLACEMENT,1,0,0,0,0,1,0,A1->A2|A2->A3,A1->A2|A2->A3,1,"A2,A3","A2,A3",1.0,1.0,1.0,1,
2,S4_IRRELEVANT_BRANCH,B5_RASE,NO_REPLACEMENT,NO_REPLACEMENT,1,0,0,0,0,1,0,A1->A2|A2->A3,A1->A2|A2->A3,1,"A2,A3","A2,A3",1.0,1.0,1.0,1,
3,S4_IRRELEVANT_BRANCH,B5_RASE,NO_REPLACEMENT,NO_REPLACEMENT,1,0,0,0,0,1,0,A1->A2|A2->A3,A1->A2|A2->A3,1,"A2,A3","A2,A3",1.0,1.0,1.0,1,
4,S4_IRRELEVANT_BRANCH,B5_RASE,NO_REPLACEMENT,NO_REPLACEMENT,1,0,0,0,0,1,0,A1->A2|A2->A3,A1->A2|A2->A3,1,"A2,A3","A2,A3",1.0,1.0,1.0,1,
5,S4_IRRELEVANT_BRANCH,B5_RASE,NO_REPLACEMENT,NO_REPLACEMENT,1,0,0,0,0,1,0,A1->A2|A2->A3,A1->A2|A2->A3,1,"A2,A3","A2,A3",1.0,1.0,1.0,1,
6,S4_IRRELEVANT_BRANCH,B5_RASE,NO_REPLACEMENT,NO_REPLACEMENT,1,0,0,0,0,1,0,A1->A2|A2->A3,A1->A2|A2->A3,1,"A2,A3","A2,A3",1.0,1.0,1.0,1,
7,S4_IRRELEVANT_BRANCH,B5_RASE,NO_REPLACEMENT,NO_REPLACEMENT,1,0,0,0,0,1,0,A1->A2|A2->A3,A1->A2|A2->A3,1,"A2,A3","A2,A3",1.0,1.0,1.0,1,
8,S4_IRRELEVANT_BRANCH,B5_RASE,NO_REPLACEMENT,NO_REPLACEMENT,1,0,0,0,0,1,0,A1->A2|A2->A3,A1->A2|A2->A3,1,"A2,A3","A2,A3",1.0,1.0,1.0,1,
9,S4_IRRELEVANT_BRANCH,B5_RASE,NO_REPLACEMENT,NO_REPLACEMENT,1,0,0,0,0,1,0,A1->A2|A2->A3,A1->A2|A2->A3,1,"A2,A3","A2,A3",1.0,1.0,1.0,1,
10,S4_IRRELEVANT_BRANCH,B5_RASE,NO_REPLACEMENT,NO_REPLACEMENT,1,0,0,0,0,1,0,A1->A2|A2->A3,A1->A2|A2->A3,1,"A2,A3","A2,A3",1.0,1.0,1.0,1,
1,S4_IRRELEVANT_BRANCH,B6_MAPEK,NO_REPLACEMENT,NO_REPLACEMENT,1,0,0,0,0,1,0,A1->A2|A2->A3,A1->A2|A2->A3,1,"A2,A3,A4","A2,A3",0.6666666666666666,1.0,0.8,1,
2,S4_IRRELEVANT_BRANCH,B6_MAPEK,NO_REPLACEMENT,NO_REPLACEMENT,1,0,0,0,0,1,0,A1->A2|A2->A3,A1->A2|A2->A3,1,"A2,A3,A4","A2,A3",0.6666666666666666,1.0,0.8,1,
3,S4_IRRELEVANT_BRANCH,B6_MAPEK,NO_REPLACEMENT,NO_REPLACEMENT,1,0,0,0,0,1,0,A1->A2|A2->A3,A1->A2|A2->A3,1,"A2,A3,A4","A2,A3",0.6666666666666666,1.0,0.8,1,
4,S4_IRRELEVANT_BRANCH,B6_MAPEK,NO_REPLACEMENT,NO_REPLACEMENT,1,0,0,0,0,1,0,A1->A2|A2->A3,A1->A2|A2->A3,1,"A2,A3,A4","A2,A3",0.6666666666666666,1.0,0.8,1,
5,S4_IRRELEVANT_BRANCH,B6_MAPEK,NO_REPLACEMENT,NO_REPLACEMENT,1,0,0,0,0,1,0,A1->A2|A2->A3,A1->A2|A2->A3,1,"A2,A3,A4","A2,A3",0.6666666666666666,1.0,0.8,1,
6,S4_IRRELEVANT_BRANCH,B6_MAPEK,NO_REPLACEMENT,NO_REPLACEMENT,1,0,0,0,0,1,0,A1->A2|A2->A3,A1->A2|A2->A3,1,"A2,A3,A4","A2,A3",0.6666666666666666,1.0,0.8,1,
7,S4_IRRELEVANT_BRANCH,B6_MAPEK,NO_REPLACEMENT,NO_REPLACEMENT,1,0,0,0,0,1,0,A1->A2|A2->A3,A1->A2|A2->A3,1,"A2,A3,A4","A2,A3",0.6666666666666666,1.0,0.8,1,
8,S4_IRRELEVANT_BRANCH,B6_MAPEK,NO_REPLACEMENT,NO_REPLACEMENT,1,0,0,0,0,1,0,A1->A2|A2->A3,A1->A2|A2->A3,1,"A2,A3,A4","A2,A3",0.6666666666666666,1.0,0.8,1,
9,S4_IRRELEVANT_BRANCH,B6_MAPEK,NO_REPLACEMENT,NO_REPLACEMENT,1,0,0,0,0,1,0,A1->A2|A2->A3,A1->A2|A2->A3,1,"A2,A3,A4","A2,A3",0.6666666666666666,1.0,0.8,1,
10,S4_IRRELEVANT_BRANCH,B6_MAPEK,NO_REPLACEMENT,NO_REPLACEMENT,1,0,0,0,0,1,0,A1->A2|A2->A3,A1->A2|A2->A3,1,"A2,A3,A4","A2,A3",0.6666666666666666,1.0,0.8,1,
1,S5_UNCERTAIN_REPLACEMENT_EVIDENCE,B1_STATIC,FAIL,DEFER_UNCERTAIN,0,0,0,0,0,1,0,A1->A2|A2->A3,A1->A2|A2->A3,1,,"A2,A3",0.0,0.0,0.0,0,
2,S5_UNCERTAIN_REPLACEMENT_EVIDENCE,B1_STATIC,FAIL,DEFER_UNCERTAIN,0,0,0,0,0,1,0,A1->A2|A2->A3,A1->A2|A2->A3,1,,"A2,A3",0.0,0.0,0.0,0,
3,S5_UNCERTAIN_REPLACEMENT_EVIDENCE,B1_STATIC,FAIL,DEFER_UNCERTAIN,0,0,0,0,0,1,0,A1->A2|A2->A3,A1->A2|A2->A3,1,,"A2,A3",0.0,0.0,0.0,0,
4,S5_UNCERTAIN_REPLACEMENT_EVIDENCE,B1_STATIC,FAIL,DEFER_UNCERTAIN,0,0,0,0,0,1,0,A1->A2|A2->A3,A1->A2|A2->A3,1,,"A2,A3",0.0,0.0,0.0,0,
5,S5_UNCERTAIN_REPLACEMENT_EVIDENCE,B1_STATIC,FAIL,DEFER_UNCERTAIN,0,0,0,0,0,1,0,A1->A2|A2->A3,A1->A2|A2->A3,1,,"A2,A3",0.0,0.0,0.0,0,
6,S5_UNCERTAIN_REPLACEMENT_EVIDENCE,B1_STATIC,FAIL,DEFER_UNCERTAIN,0,0,0,0,0,1,0,A1->A2|A2->A3,A1->A2|A2->A3,1,,"A2,A3",0.0,0.0,0.0,0,
7,S5_UNCERTAIN_REPLACEMENT_EVIDENCE,B1_STATIC,FAIL,DEFER_UNCERTAIN,0,0,0,0,0,1,0,A1->A2|A2->A3,A1->A2|A2->A3,1,,"A2,A3",0.0,0.0,0.0,0,
8,S5_UNCERTAIN_REPLACEMENT_EVIDENCE,B1_STATIC,FAIL,DEFER_UNCERTAIN,0,0,0,0,0,1,0,A1->A2|A2->A3,A1->A2|A2->A3,1,,"A2,A3",0.0,0.0,0.0,0,
9,S5_UNCERTAIN_REPLACEMENT_EVIDENCE,B1_STATIC,FAIL,DEFER_UNCERTAIN,0,0,0,0,0,1,0,A1->A2|A2->A3,A1->A2|A2->A3,1,,"A2,A3",0.0,0.0,0.0,0,
10,S5_UNCERTAIN_REPLACEMENT_EVIDENCE,B1_STATIC,FAIL,DEFER_UNCERTAIN,0,0,0,0,0,1,0,A1->A2|A2->A3,A1->A2|A2->A3,1,,"A2,A3",0.0,0.0,0.0,0,
1,S5_UNCERTAIN_REPLACEMENT_EVIDENCE,B2_DYNAMIC,COMMIT,DEFER_UNCERTAIN,0,1,1,2,0,1,1,A1->A2_prime|A2_prime->A3,A1->A2|A2->A3,0,"A2,A3","A2,A3",1.0,1.0,1.0,0,
2,S5_UNCERTAIN_REPLACEMENT_EVIDENCE,B2_DYNAMIC,COMMIT,DEFER_UNCERTAIN,0,1,1,2,0,1,1,A1->A2_prime|A2_prime->A3,A1->A2|A2->A3,0,"A2,A3","A2,A3",1.0,1.0,1.0,0,
3,S5_UNCERTAIN_REPLACEMENT_EVIDENCE,B2_DYNAMIC,COMMIT,DEFER_UNCERTAIN,0,1,1,2,0,1,1,A1->A2_prime|A2_prime->A3,A1->A2|A2->A3,0,"A2,A3","A2,A3",1.0,1.0,1.0,0,
4,S5_UNCERTAIN_REPLACEMENT_EVIDENCE,B2_DYNAMIC,COMMIT,DEFER_UNCERTAIN,0,1,1,2,0,1,1,A1->A2_prime|A2_prime->A3,A1->A2|A2->A3,0,"A2,A3","A2,A3",1.0,1.0,1.0,0,
5,S5_UNCERTAIN_REPLACEMENT_EVIDENCE,B2_DYNAMIC,COMMIT,DEFER_UNCERTAIN,0,1,1,2,0,1,1,A1->A2_prime|A2_prime->A3,A1->A2|A2->A3,0,"A2,A3","A2,A3",1.0,1.0,1.0,0,
6,S5_UNCERTAIN_REPLACEMENT_EVIDENCE,B2_DYNAMIC,COMMIT,DEFER_UNCERTAIN,0,1,1,2,0,1,1,A1->A2_prime|A2_prime->A3,A1->A2|A2->A3,0,"A2,A3","A2,A3",1.0,1.0,1.0,0,
7,S5_UNCERTAIN_REPLACEMENT_EVIDENCE,B2_DYNAMIC,COMMIT,DEFER_UNCERTAIN,0,1,1,2,0,1,1,A1->A2_prime|A2_prime->A3,A1->A2|A2->A3,0,"A2,A3","A2,A3",1.0,1.0,1.0,0,
8,S5_UNCERTAIN_REPLACEMENT_EVIDENCE,B2_DYNAMIC,COMMIT,DEFER_UNCERTAIN,0,1,1,2,0,1,1,A1->A2_prime|A2_prime->A3,A1->A2|A2->A3,0,"A2,A3","A2,A3",1.0,1.0,1.0,0,
9,S5_UNCERTAIN_REPLACEMENT_EVIDENCE,B2_DYNAMIC,COMMIT,DEFER_UNCERTAIN,0,1,1,2,0,1,1,A1->A2_prime|A2_prime->A3,A1->A2|A2->A3,0,"A2,A3","A2,A3",1.0,1.0,1.0,0,
10,S5_UNCERTAIN_REPLACEMENT_EVIDENCE,B2_DYNAMIC,COMMIT,DEFER_UNCERTAIN,0,1,1,2,0,1,1,A1->A2_prime|A2_prime->A3,A1->A2|A2->A3,0,"A2,A3","A2,A3",1.0,1.0,1.0,0,
1,S5_UNCERTAIN_REPLACEMENT_EVIDENCE,B3_UNTYPED,COMMIT,DEFER_UNCERTAIN,0,1,1,2,0,1,1,A1->A2_prime|A2_prime->A3,A1->A2|A2->A3,0,"A2,A3","A2,A3",1.0,1.0,1.0,0,
2,S5_UNCERTAIN_REPLACEMENT_EVIDENCE,B3_UNTYPED,COMMIT,DEFER_UNCERTAIN,0,1,1,2,0,1,1,A1->A2_prime|A2_prime->A3,A1->A2|A2->A3,0,"A2,A3","A2,A3",1.0,1.0,1.0,0,
3,S5_UNCERTAIN_REPLACEMENT_EVIDENCE,B3_UNTYPED,COMMIT,DEFER_UNCERTAIN,0,1,1,2,0,1,1,A1->A2_prime|A2_prime->A3,A1->A2|A2->A3,0,"A2,A3","A2,A3",1.0,1.0,1.0,0,
4,S5_UNCERTAIN_REPLACEMENT_EVIDENCE,B3_UNTYPED,COMMIT,DEFER_UNCERTAIN,0,1,1,2,0,1,1,A1->A2_prime|A2_prime->A3,A1->A2|A2->A3,0,"A2,A3","A2,A3",1.0,1.0,1.0,0,
5,S5_UNCERTAIN_REPLACEMENT_EVIDENCE,B3_UNTYPED,COMMIT,DEFER_UNCERTAIN,0,1,1,2,0,1,1,A1->A2_prime|A2_prime->A3,A1->A2|A2->A3,0,"A2,A3","A2,A3",1.0,1.0,1.0,0,
6,S5_UNCERTAIN_REPLACEMENT_EVIDENCE,B3_UNTYPED,COMMIT,DEFER_UNCERTAIN,0,1,1,2,0,1,1,A1->A2_prime|A2_prime->A3,A1->A2|A2->A3,0,"A2,A3","A2,A3",1.0,1.0,1.0,0,
7,S5_UNCERTAIN_REPLACEMENT_EVIDENCE,B3_UNTYPED,COMMIT,DEFER_UNCERTAIN,0,1,1,2,0,1,1,A1->A2_prime|A2_prime->A3,A1->A2|A2->A3,0,"A2,A3","A2,A3",1.0,1.0,1.0,0,
8,S5_UNCERTAIN_REPLACEMENT_EVIDENCE,B3_UNTYPED,COMMIT,DEFER_UNCERTAIN,0,1,1,2,0,1,1,A1->A2_prime|A2_prime->A3,A1->A2|A2->A3,0,"A2,A3","A2,A3",1.0,1.0,1.0,0,
9,S5_UNCERTAIN_REPLACEMENT_EVIDENCE,B3_UNTYPED,COMMIT,DEFER_UNCERTAIN,0,1,1,2,0,1,1,A1->A2_prime|A2_prime->A3,A1->A2|A2->A3,0,"A2,A3","A2,A3",1.0,1.0,1.0,0,
10,S5_UNCERTAIN_REPLACEMENT_EVIDENCE,B3_UNTYPED,COMMIT,DEFER_UNCERTAIN,0,1,1,2,0,1,1,A1->A2_prime|A2_prime->A3,A1->A2|A2->A3,0,"A2,A3","A2,A3",1.0,1.0,1.0,0,
1,S5_UNCERTAIN_REPLACEMENT_EVIDENCE,B4_RASE_NO_EAS,COMMIT,DEFER_UNCERTAIN,0,1,1,2,0,1,1,A1->A2_prime|A2_prime->A3,A1->A2|A2->A3,0,"A2,A3","A2,A3",1.0,1.0,1.0,0,0.5
2,S5_UNCERTAIN_REPLACEMENT_EVIDENCE,B4_RASE_NO_EAS,COMMIT,DEFER_UNCERTAIN,0,1,1,2,0,1,1,A1->A2_prime|A2_prime->A3,A1->A2|A2->A3,0,"A2,A3","A2,A3",1.0,1.0,1.0,0,0.5
3,S5_UNCERTAIN_REPLACEMENT_EVIDENCE,B4_RASE_NO_EAS,COMMIT,DEFER_UNCERTAIN,0,1,1,2,0,1,1,A1->A2_prime|A2_prime->A3,A1->A2|A2->A3,0,"A2,A3","A2,A3",1.0,1.0,1.0,0,0.5
4,S5_UNCERTAIN_REPLACEMENT_EVIDENCE,B4_RASE_NO_EAS,COMMIT,DEFER_UNCERTAIN,0,1,1,2,0,1,1,A1->A2_prime|A2_prime->A3,A1->A2|A2->A3,0,"A2,A3","A2,A3",1.0,1.0,1.0,0,0.5
5,S5_UNCERTAIN_REPLACEMENT_EVIDENCE,B4_RASE_NO_EAS,COMMIT,DEFER_UNCERTAIN,0,1,1,2,0,1,1,A1->A2_prime|A2_prime->A3,A1->A2|A2->A3,0,"A2,A3","A2,A3",1.0,1.0,1.0,0,0.5
6,S5_UNCERTAIN_REPLACEMENT_EVIDENCE,B4_RASE_NO_EAS,COMMIT,DEFER_UNCERTAIN,0,1,1,2,0,1,1,A1->A2_prime|A2_prime->A3,A1->A2|A2->A3,0,"A2,A3","A2,A3",1.0,1.0,1.0,0,0.5
7,S5_UNCERTAIN_REPLACEMENT_EVIDENCE,B4_RASE_NO_EAS,COMMIT,DEFER_UNCERTAIN,0,1,1,2,0,1,1,A1->A2_prime|A2_prime->A3,A1->A2|A2->A3,0,"A2,A3","A2,A3",1.0,1.0,1.0,0,0.5
8,S5_UNCERTAIN_REPLACEMENT_EVIDENCE,B4_RASE_NO_EAS,COMMIT,DEFER_UNCERTAIN,0,1,1,2,0,1,1,A1->A2_prime|A2_prime->A3,A1->A2|A2->A3,0,"A2,A3","A2,A3",1.0,1.0,1.0,0,0.5
9,S5_UNCERTAIN_REPLACEMENT_EVIDENCE,B4_RASE_NO_EAS,COMMIT,DEFER_UNCERTAIN,0,1,1,2,0,1,1,A1->A2_prime|A2_prime->A3,A1->A2|A2->A3,0,"A2,A3","A2,A3",1.0,1.0,1.0,0,0.5
10,S5_UNCERTAIN_REPLACEMENT_EVIDENCE,B4_RASE_NO_EAS,COMMIT,DEFER_UNCERTAIN,0,1,1,2,0,1,1,A1->A2_prime|A2_prime->A3,A1->A2|A2->A3,0,"A2,A3","A2,A3",1.0,1.0,1.0,0,0.5
1,S5_UNCERTAIN_REPLACEMENT_EVIDENCE,B5_RASE,DEFER_UNCERTAIN,DEFER_UNCERTAIN,1,0,0,0,0,1,0,A1->A2|A2->A3,A1->A2|A2->A3,1,"A2,A3","A2,A3",1.0,1.0,1.0,1,0.5
2,S5_UNCERTAIN_REPLACEMENT_EVIDENCE,B5_RASE,DEFER_UNCERTAIN,DEFER_UNCERTAIN,1,0,0,0,0,1,0,A1->A2|A2->A3,A1->A2|A2->A3,1,"A2,A3","A2,A3",1.0,1.0,1.0,1,0.5
3,S5_UNCERTAIN_REPLACEMENT_EVIDENCE,B5_RASE,DEFER_UNCERTAIN,DEFER_UNCERTAIN,1,0,0,0,0,1,0,A1->A2|A2->A3,A1->A2|A2->A3,1,"A2,A3","A2,A3",1.0,1.0,1.0,1,0.5
4,S5_UNCERTAIN_REPLACEMENT_EVIDENCE,B5_RASE,DEFER_UNCERTAIN,DEFER_UNCERTAIN,1,0,0,0,0,1,0,A1->A2|A2->A3,A1->A2|A2->A3,1,"A2,A3","A2,A3",1.0,1.0,1.0,1,0.5
5,S5_UNCERTAIN_REPLACEMENT_EVIDENCE,B5_RASE,DEFER_UNCERTAIN,DEFER_UNCERTAIN,1,0,0,0,0,1,0,A1->A2|A2->A3,A1->A2|A2->A3,1,"A2,A3","A2,A3",1.0,1.0,1.0,1,0.5
6,S5_UNCERTAIN_REPLACEMENT_EVIDENCE,B5_RASE,DEFER_UNCERTAIN,DEFER_UNCERTAIN,1,0,0,0,0,1,0,A1->A2|A2->A3,A1->A2|A2->A3,1,"A2,A3","A2,A3",1.0,1.0,1.0,1,0.5
7,S5_UNCERTAIN_REPLACEMENT_EVIDENCE,B5_RASE,DEFER_UNCERTAIN,DEFER_UNCERTAIN,1,0,0,0,0,1,0,A1->A2|A2->A3,A1->A2|A2->A3,1,"A2,A3","A2,A3",1.0,1.0,1.0,1,0.5
8,S5_UNCERTAIN_REPLACEMENT_EVIDENCE,B5_RASE,DEFER_UNCERTAIN,DEFER_UNCERTAIN,1,0,0,0,0,1,0,A1->A2|A2->A3,A1->A2|A2->A3,1,"A2,A3","A2,A3",1.0,1.0,1.0,1,0.5
9,S5_UNCERTAIN_REPLACEMENT_EVIDENCE,B5_RASE,DEFER_UNCERTAIN,DEFER_UNCERTAIN,1,0,0,0,0,1,0,A1->A2|A2->A3,A1->A2|A2->A3,1,"A2,A3","A2,A3",1.0,1.0,1.0,1,0.5
10,S5_UNCERTAIN_REPLACEMENT_EVIDENCE,B5_RASE,DEFER_UNCERTAIN,DEFER_UNCERTAIN,1,0,0,0,0,1,0,A1->A2|A2->A3,A1->A2|A2->A3,1,"A2,A3","A2,A3",1.0,1.0,1.0,1,0.5
1,S5_UNCERTAIN_REPLACEMENT_EVIDENCE,B6_MAPEK,COMMIT,DEFER_UNCERTAIN,0,1,1,2,0,1,1,A1->A2_prime|A2_prime->A3,A1->A2|A2->A3,0,"A2,A3","A2,A3",1.0,1.0,1.0,0,
2,S5_UNCERTAIN_REPLACEMENT_EVIDENCE,B6_MAPEK,COMMIT,DEFER_UNCERTAIN,0,1,1,2,0,1,1,A1->A2_prime|A2_prime->A3,A1->A2|A2->A3,0,"A2,A3","A2,A3",1.0,1.0,1.0,0,
3,S5_UNCERTAIN_REPLACEMENT_EVIDENCE,B6_MAPEK,COMMIT,DEFER_UNCERTAIN,0,1,1,2,0,1,1,A1->A2_prime|A2_prime->A3,A1->A2|A2->A3,0,"A2,A3","A2,A3",1.0,1.0,1.0,0,
4,S5_UNCERTAIN_REPLACEMENT_EVIDENCE,B6_MAPEK,COMMIT,DEFER_UNCERTAIN,0,1,1,2,0,1,1,A1->A2_prime|A2_prime->A3,A1->A2|A2->A3,0,"A2,A3","A2,A3",1.0,1.0,1.0,0,
5,S5_UNCERTAIN_REPLACEMENT_EVIDENCE,B6_MAPEK,COMMIT,DEFER_UNCERTAIN,0,1,1,2,0,1,1,A1->A2_prime|A2_prime->A3,A1->A2|A2->A3,0,"A2,A3","A2,A3",1.0,1.0,1.0,0,
6,S5_UNCERTAIN_REPLACEMENT_EVIDENCE,B6_MAPEK,COMMIT,DEFER_UNCERTAIN,0,1,1,2,0,1,1,A1->A2_prime|A2_prime->A3,A1->A2|A2->A3,0,"A2,A3","A2,A3",1.0,1.0,1.0,0,
7,S5_UNCERTAIN_REPLACEMENT_EVIDENCE,B6_MAPEK,COMMIT,DEFER_UNCERTAIN,0,1,1,2,0,1,1,A1->A2_prime|A2_prime->A3,A1->A2|A2->A3,0,"A2,A3","A2,A3",1.0,1.0,1.0,0,
8,S5_UNCERTAIN_REPLACEMENT_EVIDENCE,B6_MAPEK,COMMIT,DEFER_UNCERTAIN,0,1,1,2,0,1,1,A1->A2_prime|A2_prime->A3,A1->A2|A2->A3,0,"A2,A3","A2,A3",1.0,1.0,1.0,0,
9,S5_UNCERTAIN_REPLACEMENT_EVIDENCE,B6_MAPEK,COMMIT,DEFER_UNCERTAIN,0,1,1,2,0,1,1,A1->A2_prime|A2_prime->A3,A1->A2|A2->A3,0,"A2,A3","A2,A3",1.0,1.0,1.0,0,
10,S5_UNCERTAIN_REPLACEMENT_EVIDENCE,B6_MAPEK,COMMIT,DEFER_UNCERTAIN,0,1,1,2,0,1,1,A1->A2_prime|A2_prime->A3,A1->A2|A2->A3,0,"A2,A3","A2,A3",1.0,1.0,1.0,0,
