system,scenario,runs,impact_precision,impact_recall,impact_f1,decision_accuracy,architecture_accuracy
B1_STATIC,S0_NORMAL,10,1.0,1.0,1.0,1.0,1.0
B1_STATIC,S1_REPLACEMENT_PASS,10,0.0,0.0,0.0,0.0,0.0
B1_STATIC,S2_REPLACEMENT_FAIL,10,0.0,0.0,0.0,0.0,1.0
B1_STATIC,S3_NO_REPLACEMENT,10,0.0,0.0,0.0,0.0,1.0
B1_STATIC,S4_IRRELEVANT_BRANCH,10,0.0,0.0,0.0,0.0,1.0
B1_STATIC,S5_UNCERTAIN_REPLACEMENT_EVIDENCE,10,0.0,0.0,0.0,0.0,1.0
B2_DYNAMIC,S0_NORMAL,10,1.0,1.0,1.0,1.0,1.0
B2_DYNAMIC,S1_REPLACEMENT_PASS,10,1.0,1.0,1.0,1.0,1.0
B2_DYNAMIC,S2_REPLACEMENT_FAIL,10,1.0,1.0,1.0,1.0,1.0
B2_DYNAMIC,S3_NO_REPLACEMENT,10,1.0,1.0,1.0,1.0,1.0
B2_DYNAMIC,S4_IRRELEVANT_BRANCH,10,1.0,1.0,1.0,1.0,1.0
B2_DYNAMIC,S5_UNCERTAIN_REPLACEMENT_EVIDENCE,10,1.0,1.0,1.0,0.0,0.0
B3_UNTYPED,S0_NORMAL,10,1.0,1.0,1.0,1.0,1.0
B3_UNTYPED,S1_REPLACEMENT_PASS,10,1.0,1.0,1.0,1.0,1.0
B3_UNTYPED,S2_REPLACEMENT_FAIL,10,1.0,1.0,1.0,1.0,1.0
B3_UNTYPED,S3_NO_REPLACEMENT,10,1.0,1.0,1.0,1.0,1.0
B3_UNTYPED,S4_IRRELEVANT_BRANCH,10,0.6666666666666666,1.0,0.8,1.0,1.0
B3_UNTYPED,S5_UNCERTAIN_REPLACEMENT_EVIDENCE,10,1.0,1.0,1.0,0.0,0.0
B4_RASE_NO_EAS,S0_NORMAL,10,1.0,1.0,1.0,1.0,1.0
B4_RASE_NO_EAS,S1_REPLACEMENT_PASS,10,1.0,1.0,1.0,1.0,1.0
B4_RASE_NO_EAS,S2_REPLACEMENT_FAIL,10,1.0,1.0,1.0,1.0,1.0
B4_RASE_NO_EAS,S3_NO_REPLACEMENT,10,1.0,1.0,1.0,1.0,1.0
B4_RASE_NO_EAS,S4_IRRELEVANT_BRANCH,10,1.0,1.0,1.0,1.0,1.0
B4_RASE_NO_EAS,S5_UNCERTAIN_REPLACEMENT_EVIDENCE,10,1.0,1.0,1.0,0.0,0.0
B5_RASE,S0_NORMAL,10,1.0,1.0,1.0,1.0,1.0
B5_RASE,S1_REPLACEMENT_PASS,10,1.0,1.0,1.0,1.0,1.0
B5_RASE,S2_REPLACEMENT_FAIL,10,1.0,1.0,1.0,1.0,1.0
B5_RASE,S3_NO_REPLACEMENT,10,1.0,1.0,1.0,1.0,1.0
B5_RASE,S4_IRRELEVANT_BRANCH,10,1.0,1.0,1.0,1.0,1.0
B5_RASE,S5_UNCERTAIN_REPLACEMENT_EVIDENCE,10,1.0,1.0,1.0,1.0,1.0
B6_MAPEK,S0_NORMAL,10,1.0,1.0,1.0,1.0,1.0
B6_MAPEK,S1_REPLACEMENT_PASS,10,1.0,1.0,1.0,1.0,1.0
B6_MAPEK,S2_REPLACEMENT_FAIL,10,1.0,1.0,1.0,1.0,1.0
B6_MAPEK,S3_NO_REPLACEMENT,10,1.0,1.0,1.0,1.0,1.0
B6_MAPEK,S4_IRRELEVANT_BRANCH,10,0.6666666666666666,1.0,0.8,1.0,1.0
B6_MAPEK,S5_UNCERTAIN_REPLACEMENT_EVIDENCE,10,1.0,1.0,1.0,0.0,0.0
